SITE,LINE,traits,K39,K39_2,SITE2
CLMB,1,K39,57964.80268,57.96480268,CLMB
CLMB,2,K39,35391.82521,35.39182521,CLMB
CLMB,3,K39,85813.59759,85.81359759,CLMB
CLMB,4,K39,69111.39756,69.11139756,CLMB
CLMB,5,K39,41374.86769,41.37486769,CLMB
CLMB,7,K39,80293.36995,80.29336995,CLMB
CLMB,8,K39,*,*,CLMB
CLMB,9,K39,36363.41857,36.36341857,CLMB
CLMB,10,K39,*,*,CLMB
CLMB,11,K39,60166.27895,60.16627895,CLMB
CLMB,12,K39,55717.03668,55.71703668,CLMB
CLMB,13,K39,26902.26682,26.90226682,CLMB
CLMB,14,K39,*,*,CLMB
CLMB,15,K39,103488.0754,103.4880754,CLMB
CLMB,16,K39,*,*,CLMB
CLMB,17,K39,30440.60443,30.44060443,CLMB
CLMB,18,K39,*,*,CLMB
CLMB,19,K39,39580.37071,39.58037071,CLMB
CLMB,20,K39,73764.79583,73.76479583,CLMB
CLMB,21,K39,51496.09669,51.49609669,CLMB
CLMB,22,K39,*,*,CLMB
CLMB,23,K39,83239.24322,83.23924322,CLMB
CLMB,24,K39,68729.4428,68.7294428,CLMB
CLMB,25,K39,77740.63858,77.74063858,CLMB
CLMB,26,K39,64131.48023,64.13148023,CLMB
CLMB,27,K39,56727.1174,56.7271174,CLMB
CLMB,28,K39,88999.96599,88.99996599,CLMB
CLMB,29,K39,*,*,CLMB
CLMB,30,K39,50693.74239,50.69374239,CLMB
CLMB,31,K39,*,*,CLMB
CLMB,32,K39,44759.02542,44.75902542,CLMB
CLMB,33,K39,45244.04843,45.24404843,CLMB
CLMB,34,K39,59214.77453,59.21477453,CLMB
CLMB,35,K39,22571.83319,22.57183319,CLMB
CLMB,36,K39,77399.17891,77.39917891,CLMB
CLMB,37,K39,50211.56552,50.21156552,CLMB
CLMB,38,K39,116726.704,116.726704,CLMB
CLMB,39,K39,61789.46432,61.78946432,CLMB
CLMB,40,K39,64683.21094,64.68321094,CLMB
CLMB,41,K39,75707.99174,75.70799174,CLMB
CLMB,42,K39,*,*,CLMB
CLMB,43,K39,38661.5654,38.6615654,CLMB
CLMB,44,K39,23938.74305,23.93874305,CLMB
CLMB,46,K39,51800.38243,51.80038243,CLMB
CLMB,48,K39,36054.09021,36.05409021,CLMB
CLMB,49,K39,64606.40122,64.60640122,CLMB
CLMB,50,K39,93287.79038,93.28779038,CLMB
CLMB,52,K39,51708.46174,51.70846174,CLMB
CLMB,53,K39,43859.39381,43.85939381,CLMB
CLMB,54,K39,62006.55998,62.00655998,CLMB
CLMB,55,K39,56288.29718,56.28829718,CLMB
CLMB,56,K39,*,*,CLMB
CLMB,57,K39,39659.70313,39.65970313,CLMB
CLMB,58,K39,*,*,CLMB
CLMB,59,K39,65757.86329,65.75786329,CLMB
CLMB,60,K39,61572.05261,61.57205261,CLMB
CLMB,61,K39,88012.9534,88.0129534,CLMB
CLMB,62,K39,99875.68163,99.87568163,CLMB
CLMB,63,K39,109224.7731,109.2247731,CLMB
CLMB,64,K39,*,*,CLMB
CLMB,65,K39,50693.73911,50.69373911,CLMB
CLMB,66,K39,86346.34241,86.34634241,CLMB
CLMB,67,K39,67772.37947,67.77237947,CLMB
CLMB,68,K39,52812.32538,52.81232538,CLMB
CLMB,69,K39,72037.47124,72.03747124,CLMB
CLMB,70,K39,*,*,CLMB
CLMB,71,K39,17837.57377,17.83757377,CLMB
CLMB,72,K39,58301.26789,58.30126789,CLMB
CLMB,73,K39,58315.81446,58.31581446,CLMB
CLMB,74,K39,55568.53572,55.56853572,CLMB
CLMB,75,K39,105731.1265,105.7311265,CLMB
CLMB,76,K39,106952.3958,106.9523958,CLMB
CLMB,77,K39,*,*,CLMB
CLMB,78,K39,61862.31105,61.86231105,CLMB
CLMB,79,K39,48293.42509,48.29342509,CLMB
CLMB,80,K39,37811.14103,37.81114103,CLMB
CLMB,81,K39,*,*,CLMB
CLMB,83,K39,34876.79511,34.87679511,CLMB
CLMB,84,K39,*,*,CLMB
CLMB,85,K39,35813.45904,35.81345904,CLMB
CLMB,86,K39,55651.54627,55.65154627,CLMB
CLMB,87,K39,107425.8418,107.4258418,CLMB
CLMB,88,K39,188.8242407,0.188824241,CLMB
CLMB,89,K39,96052.17973,96.05217973,CLMB
CLMB,90,K39,37927.25877,37.92725877,CLMB
CLMB,91,K39,82762.23436,82.76223436,CLMB
CLMB,93,K39,22595.75408,22.59575408,CLMB
CLMB,94,K39,71416.99447,71.41699447,CLMB
CLMB,95,K39,*,*,CLMB
CLMB,96,K39,*,*,CLMB
CLMB,97,K39,77387.93898,77.38793898,CLMB
CLMB,99,K39,36498.03922,36.49803922,CLMB
CLMB,100,K39,40440.59132,40.44059132,CLMB
CLMB,101,K39,*,*,CLMB
CLMB,102,K39,36654.23587,36.65423587,CLMB
CLMB,103,K39,30537.12405,30.53712405,CLMB
CLMB,104,K39,69192.05609,69.19205609,CLMB
CLMB,105,K39,32885.92555,32.88592555,CLMB
CLMB,106,K39,57066.53821,57.06653821,CLMB
CLMB,107,K39,88970.05062,88.97005062,CLMB
CLMB,110,K39,29677.85054,29.67785054,CLMB
CLMB,111,K39,63432.9555,63.4329555,CLMB
CLMB,112,K39,59811.82208,59.81182208,CLMB
CLMB,113,K39,*,*,CLMB
CLMB,114,K39,73175.55152,73.17555152,CLMB
CLMB,115,K39,*,*,CLMB
CLMB,116,K39,29545.7802,29.5457802,CLMB
CLMB,117,K39,50276.84894,50.27684894,CLMB
CLMB,118,K39,150.9518118,0.150951812,CLMB
CLMB,119,K39,56354.72236,56.35472236,CLMB
CLMB,120,K39,28608.35631,28.60835631,CLMB
CLMB,122,K39,61198.62385,61.19862385,CLMB
CLMB,123,K39,50326.71514,50.32671514,CLMB
CLMB,125,K39,80304.7812,80.3047812,CLMB
CLMB,126,K39,*,*,CLMB
CLMB,127,K39,*,*,CLMB
CLMB,128,K39,217.7968597,0.21779686,CLMB
CLMB,130,K39,116540.5723,116.5405723,CLMB
CLMB,131,K39,54720.29476,54.72029476,CLMB
CLMB,132,K39,116224.7631,116.2247631,CLMB
CLMB,134,K39,179.8450471,0.179845047,CLMB
CLMB,135,K39,58407.45927,58.40745927,CLMB
CLMB,136,K39,*,*,CLMB
CLMB,137,K39,76200.48123,76.20048123,CLMB
CLMB,138,K39,*,*,CLMB
CLMB,139,K39,*,*,CLMB
CLMB,141,K39,39811.47527,39.81147527,CLMB
CLMB,142,K39,38287.05921,38.28705921,CLMB
CLMB,143,K39,44284.27578,44.28427578,CLMB
CLMB,144,K39,*,*,CLMB
CLMB,145,K39,20934.53688,20.93453688,CLMB
CLMB,146,K39,*,*,CLMB
CLMB,147,K39,38211.3298,38.2113298,CLMB
CLMB,148,K39,*,*,CLMB
CLMB,150,K39,94175.49231,94.17549231,CLMB
CLMB,151,K39,74626.43372,74.62643372,CLMB
CLMB,152,K39,*,*,CLMB
CLMB,153,K39,126014.974,126.014974,CLMB
CLMB,154,K39,42182.81786,42.18281786,CLMB
CLMB,155,K39,55046.49825,55.04649825,CLMB
CLMB,156,K39,87577.06212,87.57706212,CLMB
CLMB,157,K39,81697.60512,81.69760512,CLMB
CLMB,158,K39,72051.56361,72.05156361,CLMB
CLMB,159,K39,61110.54505,61.11054505,CLMB
CLMB,161,K39,100887.6657,100.8876657,CLMB
CLMB,163,K39,82263.60881,82.26360881,CLMB
CLMB,164,K39,58181.25089,58.18125089,CLMB
CLMB,166,K39,71529.49547,71.52949547,CLMB
CLMB,167,K39,78381.13757,78.38113757,CLMB
CLMB,168,K39,85372.64317,85.37264317,CLMB
CLMB,169,K39,*,*,CLMB
CLMB,170,K39,70421.68042,70.42168042,CLMB
CLMB,171,K39,115098.1367,115.0981367,CLMB
CLMB,172,K39,96427.04601,96.42704601,CLMB
CLMB,173,K39,63433.00333,63.43300333,CLMB
CLMB,174,K39,27320.15935,27.32015935,CLMB
CLMB,175,K39,55616.95132,55.61695132,CLMB
CLMB,176,K39,105741.0231,105.7410231,CLMB
CLMB,177,K39,72525.40532,72.52540532,CLMB
CLMB,178,K39,40658.11269,40.65811269,CLMB
CLMB,179,K39,21142.85246,21.14285246,CLMB
CLMB,180,K39,39472.54366,39.47254366,CLMB
CLMB,181,K39,92211.8842,92.2118842,CLMB
CLMB,182,K39,41124.16835,41.12416835,CLMB
CLMB,184,K39,106571.4814,106.5714814,CLMB
CLMB,185,K39,78043.59351,78.04359351,CLMB
CLMB,186,K39,50137.61152,50.13761152,CLMB
CLMB,187,K39,37227.96852,37.22796852,CLMB
CLMB,188,K39,75316.17678,75.31617678,CLMB
CLMB,189,K39,*,*,CLMB
CLMB,190,K39,*,*,CLMB
CLMB,191,K39,34416.45881,34.41645881,CLMB
CLMB,192,K39,79452.26621,79.45226621,CLMB
CLMB,193,K39,82625.39949,82.62539949,CLMB
CLMB,194,K39,35484.30994,35.48430994,CLMB
CLMB,195,K39,70904.18629,70.90418629,CLMB
CLMB,196,K39,85672.32251,85.67232251,CLMB
CLMB,197,K39,27889.20638,27.88920638,CLMB
CLMB,198,K39,31856.74633,31.85674633,CLMB
CLMB,199,K39,59583.02504,59.58302504,CLMB
CLMB,200,K39,53346.93866,53.34693866,CLMB
CLMB,201,K39,*,*,CLMB
CLMB,203,K39,45536.91466,45.53691466,CLMB
CLMB,204,K39,95744.11439,95.74411439,CLMB
CLMB,205,K39,*,*,CLMB
CLMB,207,K39,34025.94542,34.02594542,CLMB
CLMB,208,K39,*,*,CLMB
CLMB,209,K39,42762.65877,42.76265877,CLMB
CLMB,210,K39,33026.80145,33.02680145,CLMB
CLMB,211,K39,54475.07369,54.47507369,CLMB
CLMB,212,K39,49224.52214,49.22452214,CLMB
CLMB,213,K39,80055.0131,80.0550131,CLMB
CLMB,214,K39,*,*,CLMB
CLMB,215,K39,115578.8171,115.5788171,CLMB
CLMB,216,K39,79248.24482,79.24824482,CLMB
CLMB,217,K39,*,*,CLMB
CLMB,218,K39,47856.88806,47.85688806,CLMB
CLMB,219,K39,55362.25529,55.36225529,CLMB
CLMB,220,K39,*,*,CLMB
CLMB,221,K39,67227.35567,67.22735567,CLMB
CLMB,222,K39,55949.2922,55.9492922,CLMB
CLMB,223,K39,32969.16785,32.96916785,CLMB
CLMB,224,K39,41567.05434,41.56705434,CLMB
CLMB,225,K39,61114.85078,61.11485078,CLMB
CLMB,226,K39,53828.33409,53.82833409,CLMB
CLMB,227,K39,52194.66779,52.19466779,CLMB
CLMB,228,K39,80826.23176,80.82623176,CLMB
CLMB,229,K39,217.5919153,0.217591915,CLMB
CLMB,230,K39,*,*,CLMB
CLMB,231,K39,81645.48635,81.64548635,CLMB
CLMB,232,K39,39530.81818,39.53081818,CLMB
CLMB,233,K39,93887.65844,93.88765844,CLMB
CLMB,234,K39,17441.58329,17.44158329,CLMB
CLMB,235,K39,65441.80291,65.44180291,CLMB
CLMB,236,K39,93930.8163,93.9308163,CLMB
CLMB,237,K39,94380.35293,94.38035293,CLMB
CLMB,238,K39,57160.40134,57.16040134,CLMB
CLMB,239,K39,58589.95379,58.58995379,CLMB
CLMB,240,K39,83228.15748,83.22815748,CLMB
CLMB,241,K39,82745.48803,82.74548803,CLMB
CLMB,242,K39,25818.46109,25.81846109,CLMB
CLMB,243,K39,60255.19637,60.25519637,CLMB
CLMB,244,K39,56026.80078,56.02680078,CLMB
CLMB,245,K39,97743.12001,97.74312001,CLMB
CLMB,246,K39,65074.90043,65.07490043,CLMB
CLMB,247,K39,52995.28572,52.99528572,CLMB
CLMB,248,K39,53890.9557,53.8909557,CLMB
CLMB,249,K39,79862.37191,79.86237191,CLMB
CLMB,250,K39,55024.19719,55.02419719,CLMB
CLMB,251,K39,74558.39174,74.55839174,CLMB
CLMB,252,K39,61930.59393,61.93059393,CLMB
CLMB,253,K39,39068.33378,39.06833378,CLMB
CLMB,254,K39,64982.37123,64.98237123,CLMB
CLMB,255,K39,33157.2833,33.1572833,CLMB
CLMB,256,K39,57333.20764,57.33320764,CLMB
CLMB,257,K39,39760.4648,39.7604648,CLMB
CLMB,258,K39,95028.95379,95.02895379,CLMB
CLMB,259,K39,*,*,CLMB
CLMB,260,K39,173.8241274,0.173824127,CLMB
CLMB,261,K39,98887.56263,98.88756263,CLMB
CLMB,262,K39,34231.13349,34.23113349,CLMB
CLMB,263,K39,105568.4861,105.5684861,CLMB
CLMB,264,K39,66928.07158,66.92807158,CLMB
CLMB,265,K39,100560.8735,100.5608735,CLMB
CLMB,267,K39,173.2207656,0.173220766,CLMB
CLMB,268,K39,*,*,CLMB
CLMB,269,K39,30993.34211,30.99334211,CLMB
CLMB,270,K39,108310.1038,108.3101038,CLMB
CLMB,271,K39,87407.69722,87.40769722,CLMB
CLMB,272,K39,108125.7904,108.1257904,CLMB
CLMB,273,K39,*,*,CLMB
CLMB,274,K39,74490.33688,74.49033688,CLMB
CLMB,275,K39,41885.59451,41.88559451,CLMB
CLMB,276,K39,*,*,CLMB
CLMB,277,K39,57689.72076,57.68972076,CLMB
CLMB,278,K39,42479.52186,42.47952186,CLMB
CLMB,279,K39,64237.8447,64.2378447,CLMB
CLMB,281,K39,*,*,CLMB
CLMB,282,K39,40570.20295,40.57020295,CLMB
CLMB,283,K39,*,*,CLMB
CLMB,284,K39,64525.96532,64.52596532,CLMB
CLMB,285,K39,89892.07339,89.89207339,CLMB
CLMB,286,K39,62884.90992,62.88490992,CLMB
CLMB,287,K39,14634.57059,14.63457059,CLMB
CLMB,288,K39,39564.39526,39.56439526,CLMB
CLMB,289,K39,71528.50643,71.52850643,CLMB
CLMB,290,K39,80405.92831,80.40592831,CLMB
CLMB,292,K39,43814.60129,43.81460129,CLMB
CLMB,293,K39,45241.20076,45.24120076,CLMB
CLMB,294,K39,45643.36371,45.64336371,CLMB
CLMB,296,K39,70310.7941,70.3107941,CLMB
CLMB,297,K39,67560.51053,67.56051053,CLMB
CLMB,298,K39,50542.42298,50.54242298,CLMB
CLMB,299,K39,22903.13587,22.90313587,CLMB
CLMB,300,K39,*,*,CLMB
CLMB,301,K39,75909.82031,75.90982031,CLMB
CLMB,302,K39,52871.46321,52.87146321,CLMB
CLMB,303,K39,65390.86367,65.39086367,CLMB
CLMB,304,K39,47619.76058,47.61976058,CLMB
CLMB,305,K39,75318.77668,75.31877668,CLMB
CLMB,306,K39,*,*,CLMB
CLMB,307,K39,41851.08743,41.85108743,CLMB
CLMB,308,K39,39209.09727,39.20909727,CLMB
CLMB,310,K39,27885.45105,27.88545105,CLMB
CLMB,311,K39,63917.15837,63.91715837,CLMB
CLMB,312,K39,60169.86563,60.16986563,CLMB
CLMB,313,K39,91268.02742,91.26802742,CLMB
CLMB,314,K39,124895.4888,124.8954888,CLMB
CLMB,315,K39,34944.59749,34.94459749,CLMB
CLMB,317,K39,28824.66751,28.82466751,CLMB
CLMB,318,K39,71530.89361,71.53089361,CLMB
CLMB,319,K39,43041.75121,43.04175121,CLMB
CLMB,320,K39,20907.73539,20.90773539,CLMB
CLMB,322,K39,81356.65274,81.35665274,CLMB
CLMB,323,K39,50976.4278,50.9764278,CLMB
CLMB,324,K39,53069.59728,53.06959728,CLMB
CLMB,325,K39,89964.79191,89.96479191,CLMB
CLMB,326,K39,67296.5949,67.2965949,CLMB
CLMB,328,K39,66452.75365,66.45275365,CLMB
CLMB,330,K39,84642.34557,84.64234557,CLMB
CLMB,332,K39,48162.25968,48.16225968,CLMB
CLMB,333,K39,28917.64419,28.91764419,CLMB
CLMB,334,K39,91734.5856,91.7345856,CLMB
CLMB,335,K39,*,*,CLMB
CLMB,336,K39,98399.33479,98.39933479,CLMB
CLMB,337,K39,105016.6142,105.0166142,CLMB
CLMB,338,K39,58753.05977,58.75305977,CLMB
CLMB,339,K39,34808.88897,34.80888897,CLMB
CLMB,340,K39,*,*,CLMB
CLMB,341,K39,72599.61698,72.59961698,CLMB
CLMB,342,K39,58227.06878,58.22706878,CLMB
CLMB,343,K39,79408.35829,79.40835829,CLMB
CLMB,345,K39,41489.39346,41.48939346,CLMB
CLMB,346,K39,*,*,CLMB
CLMB,347,K39,83883.32059,83.88332059,CLMB
CLMB,349,K39,*,*,CLMB
CLMB,350,K39,50646.12406,50.64612406,CLMB
CLMB,352,K39,52254.27234,52.25427234,CLMB
CLMB,353,K39,41162.08658,41.16208658,CLMB
CLMB,354,K39,30582.73668,30.58273668,CLMB
CLMB,355,K39,49194.95324,49.19495324,CLMB
CLMB,356,K39,94351.61691,94.35161691,CLMB
CLMB,358,K39,47790.77147,47.79077147,CLMB
CLMB,359,K39,57002.00433,57.00200433,CLMB
CLMB,360,K39,59884.07731,59.88407731,CLMB
CLMB,361,K39,18259.29271,18.25929271,CLMB
CLMB,363,K39,*,*,CLMB
CLMB,364,K39,75321.16027,75.32116027,CLMB
CLMB,365,K39,117013.5898,117.0135898,CLMB
CLMB,366,K39,57003.63398,57.00363398,CLMB
CLMB,367,K39,48151.4789,48.1514789,CLMB
CLMB,368,K39,64750.41752,64.75041752,CLMB
CLMB,369,K39,*,*,CLMB
CLMB,370,K39,81370.2706,81.3702706,CLMB
CLMB,371,K39,43236.07318,43.23607318,CLMB
CLMB,372,K39,*,*,CLMB
CLMB,373,K39,63175.23423,63.17523423,CLMB
CLMB,374,K39,41456.28304,41.45628304,CLMB
CLMB,375,K39,99454.44234,99.45444234,CLMB
CLMB,377,K39,96876.58386,96.87658386,CLMB
CLMB,378,K39,80124.90829,80.12490829,CLMB
CLMB,379,K39,19710.36245,19.71036245,CLMB
CLMB,380,K39,64635.49396,64.63549396,CLMB
CLMB,381,K39,74604.71724,74.60471724,CLMB
CLMB,382,K39,105418.7764,105.4187764,CLMB
CLMB,383,K39,45062.97081,45.06297081,CLMB
CLMB,384,K39,*,*,CLMB
CLMB,386,K39,47945.12212,47.94512212,CLMB
CLMB,388,K39,72128.60274,72.12860274,CLMB
CLMB,389,K39,51553.28542,51.55328542,CLMB
CLMB,390,K39,47152.13535,47.15213535,CLMB
CLMB,391,K39,*,*,CLMB
CLMB,392,K39,46431.80235,46.43180235,CLMB
CLMB,393,K39,57513.76313,57.51376313,CLMB
CLMB,394,K39,*,*,CLMB
CLMB,395,K39,46386.21737,46.38621737,CLMB
CLMB,396,K39,49933.43466,49.93343466,CLMB
CLMB,397,K39,60483.11292,60.48311292,CLMB
CLMB,398,K39,89061.25476,89.06125476,CLMB
CLMB,399,K39,63766.19587,63.76619587,CLMB
CLMB,400,K39,70516.51486,70.51651486,CLMB
CLMB,402,K39,96593.76849,96.59376849,CLMB
CLMB,403,K39,95201.20917,95.20120917,CLMB
CLMB,404,K39,73548.78744,73.54878744,CLMB
CLMB,405,K39,49637.78322,49.63778322,CLMB
CLMB,406,K39,108439.3802,108.4393802,CLMB
CLMB,407,K39,78278.73331,78.27873331,CLMB
CLMB,408,K39,107894.3462,107.8943462,CLMB
CLMB,409,K39,57399.2713,57.3992713,CLMB
CLMB,410,K39,52838.05331,52.83805331,CLMB
CLMB,411,K39,72695.64943,72.69564943,CLMB
CLMB,412,K39,112439.5311,112.4395311,CLMB
CLMB,413,K39,14896.28814,14.89628814,CLMB
CLMB,414,K39,54513.95666,54.51395666,CLMB
CLMB,415,K39,62868.75871,62.86875871,CLMB
CLMB,416,K39,*,*,CLMB
CLMB,417,K39,60422.99883,60.42299883,CLMB
CLMB,418,K39,118273.195,118.273195,CLMB
CLMB,419,K39,58544.82968,58.54482968,CLMB
CLMB,420,K39,62518.72207,62.51872207,CLMB
CLMB,421,K39,54235.65058,54.23565058,CLMB
CLMB,422,K39,80431.80913,80.43180913,CLMB
CLMB,423,K39,36551.57177,36.55157177,CLMB
CLMB,424,K39,59405.44019,59.40544019,CLMB
CLMB,425,K39,50368.17377,50.36817377,CLMB
CLMB,426,K39,60751.34081,60.75134081,CLMB
CLMB,427,K39,*,*,CLMB
CLMB,428,K39,74064.55646,74.06455646,CLMB
CLMB,429,K39,28835.57649,28.83557649,CLMB
CLMB,431,K39,62736.64824,62.73664824,CLMB
CLMB,432,K39,98573.14134,98.57314134,CLMB
CLMB,433,K39,49846.23963,49.84623963,CLMB
CLMB,435,K39,34814.66412,34.81466412,CLMB
CLMB,436,K39,28973.67854,28.97367854,CLMB
CLMB,437,K39,45892.41436,45.89241436,CLMB
CLMB,438,K39,10159.78163,10.15978163,CLMB
CLMB,439,K39,31765.25886,31.76525886,CLMB
CLMB,440,K39,*,*,CLMB
CLMB,442,K39,104746.3821,104.7463821,CLMB
CLMB,443,K39,51929.54615,51.92954615,CLMB
CLMB,444,K39,79490.12511,79.49012511,CLMB
CLMB,445,K39,30153.65976,30.15365976,CLMB
CLMB,446,K39,93343.60283,93.34360283,CLMB
CLMB,447,K39,37628.12537,37.62812537,CLMB
CLMB,448,K39,97806.85852,97.80685852,CLMB
CLMB,449,K39,62289.23052,62.28923052,CLMB
CLMB,450,K39,63653.5836,63.6535836,CLMB
CLMB,451,K39,44706.98959,44.70698959,CLMB
CLMB,452,K39,54380.58209,54.38058209,CLMB
CLMB,453,K39,71964.9945,71.9649945,CLMB
CLMB,454,K39,28514.2063,28.5142063,CLMB
CLMB,455,K39,95797.04432,95.79704432,CLMB
CLMB,456,K39,112260.9541,112.2609541,CLMB
CLMB,458,K39,71173.91264,71.17391264,CLMB
CLMB,459,K39,84601.21106,84.60121106,CLMB
CLMB,460,K39,88790.92686,88.79092686,CLMB
CLMB,461,K39,61891.50332,61.89150332,CLMB
CLMB,462,K39,66335.96231,66.33596231,CLMB
CLMB,463,K39,211.3580492,0.211358049,CLMB
CLMB,464,K39,58730.14112,58.73014112,CLMB
CLMB,465,K39,38953.44585,38.95344585,CLMB
CLMB,466,K39,83265.8941,83.2658941,CLMB
CLMB,467,K39,*,*,CLMB
CLMB,468,K39,83184.0047,83.1840047,CLMB
CLMB,469,K39,*,*,CLMB
CLMB,470,K39,39922.08885,39.92208885,CLMB
CLMB,471,K39,49657.98152,49.65798152,CLMB
CLMB,472,K39,46317.39836,46.31739836,CLMB
CLMB,473,K39,82884.9849,82.8849849,CLMB
CLMB,474,K39,36318.95082,36.31895082,CLMB
CLMB,475,K39,113541.9238,113.5419238,CLMB
CLMB,476,K39,50326.69439,50.32669439,CLMB
CLMB,477,K39,42104.33931,42.10433931,CLMB
CLMB,479,K39,89366.40691,89.36640691,CLMB
CLMB,480,K39,38220.347,38.220347,CLMB
CLMB,482,K39,57102.83535,57.10283535,CLMB
CLMB,483,K39,92059.30351,92.05930351,CLMB
CLMB,484,K39,72183.21687,72.18321687,CLMB
CLMB,485,K39,81292.3554,81.2923554,CLMB
CLMB,486,K39,66146.88284,66.14688284,CLMB
CLMB,487,K39,59156.3244,59.1563244,CLMB
CLMB,488,K39,44720.85472,44.72085472,CLMB
CLMB,489,K39,49360.02645,49.36002645,CLMB
CLMB,491,K39,103928.4823,103.9284823,CLMB
CLMB,492,K39,68916.97887,68.91697887,CLMB
CLMB,493,K39,*,*,CLMB
CLMB,494,K39,125183.2922,125.1832922,CLMB
CLMB,495,K39,*,*,CLMB
CLMB,496,K39,55411.53623,55.41153623,CLMB
CLMB,497,K39,19071.36798,19.07136798,CLMB
CLMB,498,K39,97247.79601,97.24779601,CLMB
CLMB,499,K39,72585.91637,72.58591637,CLMB
CLMB,500,K39,62847.94229,62.84794229,CLMB
CLMB,501,K39,53448.80601,53.44880601,CLMB
CLMB,502,K39,82378.52461,82.37852461,CLMB
CLMB,503,K39,67887.80221,67.88780221,CLMB
CLMB,504,K39,*,*,CLMB
CLMB,505,K39,35021.01866,35.02101866,CLMB
CLMB,506,K39,49636.47877,49.63647877,CLMB
CLMB,507,K39,80161.67082,80.16167082,CLMB
CLMB,508,K39,58258.16313,58.25816313,CLMB
CLMB,511,K39,39788.8555,39.7888555,CLMB
CLMB,512,K39,53594.97498,53.59497498,CLMB
CLMB,513,K39,*,*,CLMB
CLMB,514,K39,46857.15595,46.85715595,CLMB
CLMB,515,K39,66772.83814,66.77283814,CLMB
CLMB,516,K39,49981.53201,49.98153201,CLMB
CLMB,518,K39,*,*,CLMB
CLMB,519,K39,34612.09666,34.61209666,CLMB
CLMB,520,K39,*,*,CLMB
CLMB,521,K39,70741.43558,70.74143558,CLMB
CLMB,522,K39,80593.10684,80.59310684,CLMB
CLMB,523,K39,35176.32171,35.17632171,CLMB
CLMB,524,K39,33539.16001,33.53916001,CLMB
CLMB,525,K39,63812.87911,63.81287911,CLMB
CLMB,526,K39,51896.76097,51.89676097,CLMB
CLMB,527,K39,110017.6006,110.0176006,CLMB
CLMB,529,K39,67543.43417,67.54343417,CLMB
CLMB,530,K39,38285.31703,38.28531703,CLMB
CLMB,531,K39,63146.6505,63.1466505,CLMB
CLMB,532,K39,40245.27291,40.24527291,CLMB
CLMB,533,K39,48823.84816,48.82384816,CLMB
CLMB,534,K39,24543.41245,24.54341245,CLMB
CLMB,535,K39,65250.11732,65.25011732,CLMB
CLMB,536,K39,62672.77734,62.67277734,CLMB
CLMB,537,K39,108775.532,108.775532,CLMB
CLMB,539,K39,70209.3149,70.2093149,CLMB
CLMB,540,K39,72846.39816,72.84639816,CLMB
CLMB,541,K39,60272.75133,60.27275133,CLMB
CLMB,542,K39,77974.57436,77.97457436,CLMB
CLMB,544,K39,70214.04719,70.21404719,CLMB
CLMB,545,K39,80834.47287,80.83447287,CLMB
CLMB,546,K39,53709.20755,53.70920755,CLMB
CLMB,547,K39,38802.65943,38.80265943,CLMB
CLMB,548,K39,36624.96559,36.62496559,CLMB
CLMB,549,K39,59976.38654,59.97638654,CLMB
CLMB,551,K39,*,*,CLMB
CLMB,552,K39,57548.23575,57.54823575,CLMB
CLMB,553,K39,70418.5744,70.4185744,CLMB
CLMB,555,K39,222.5447467,0.222544747,CLMB
CLMB,556,K39,*,*,CLMB
CLMB,557,K39,*,*,CLMB
CLMB,558,K39,19663.82911,19.66382911,CLMB
CLMB,559,K39,59447.50676,59.44750676,CLMB
CLMB,560,K39,*,*,CLMB
CLMB,562,K39,34277.50247,34.27750247,CLMB
CLMB,563,K39,176.4309722,0.176430972,CLMB
CLMB,564,K39,96518.67126,96.51867126,CLMB
CLMB,565,K39,13885.59916,13.88559916,CLMB
CLMB,566,K39,84750.87358,84.75087358,CLMB
CLMB,567,K39,83604.77193,83.60477193,CLMB
CLMB,569,K39,98520.06447,98.52006447,CLMB
CLMB,570,K39,88119.85737,88.11985737,CLMB
CLMB,571,K39,57962.09304,57.96209304,CLMB
CLMB,572,K39,69740.65342,69.74065342,CLMB
CLMB,573,K39,60026.16219,60.02616219,CLMB
CLMB,574,K39,99065.80142,99.06580142,CLMB
CLMB,576,K39,39334.04342,39.33404342,CLMB
CLMB,577,K39,*,*,CLMB
CLMB,578,K39,147.654985,0.147654985,CLMB
CLMB,579,K39,38019.9284,38.0199284,CLMB
CLMB,580,K39,*,*,CLMB
CLMB,581,K39,49085.61877,49.08561877,CLMB
CLMB,583,K39,42742.63291,42.74263291,CLMB
CLMB,584,K39,65751.85558,65.75185558,CLMB
CLMB,585,K39,31900.69751,31.90069751,CLMB
CLMB,586,K39,93711.84723,93.71184723,CLMB
CLMB,588,K39,50219.68646,50.21968646,CLMB
CLMB,589,K39,26302.33565,26.30233565,CLMB
CLMB,592,K39,37563.41481,37.56341481,CLMB
CLMB,593,K39,94347.25127,94.34725127,CLMB
CLMB,594,K39,35523.32344,35.52332344,CLMB
CLMB,595,K39,64517.96698,64.51796698,CLMB
CLMB,596,K39,64072.42344,64.07242344,CLMB
CLMB,597,K39,*,*,CLMB
CLMB,598,K39,*,*,CLMB
CLMB,599,K39,26290.07401,26.29007401,CLMB
CLMB,600,K39,52931.80693,52.93180693,CLMB
CLMB,601,K39,*,*,CLMB
CLMB,602,K39,94389.33223,94.38933223,CLMB
CLMB,603,K39,*,*,CLMB
CLMB,604,K39,84801.65312,84.80165312,CLMB
CLMB,605,K39,71556.46907,71.55646907,CLMB
CLMB,606,K39,102521.6732,102.5216732,CLMB
CLMB,608,K39,65261.83607,65.26183607,CLMB
CLMB,609,K39,77123.91081,77.12391081,CLMB
CLMB,610,K39,35007.66069,35.00766069,CLMB
CLMB,611,K39,85669.68274,85.66968274,CLMB
CLMB,612,K39,49628.24547,49.62824547,CLMB
CLMB,613,K39,114003.0306,114.0030306,CLMB
CLMB,614,K39,62789.12589,62.78912589,CLMB
CLMB,618,K39,96184.64493,96.18464493,CLMB
CLMB,619,K39,39959.87204,39.95987204,CLMB
CLMB,620,K39,96822.02408,96.82202408,CLMB
CLMB,621,K39,42083.69184,42.08369184,CLMB
CLMB,622,K39,119411.6001,119.4116001,CLMB
CLMB,623,K39,46447.16398,46.44716398,CLMB
CLMB,624,K39,71607.42868,71.60742868,CLMB
CLMB,625,K39,34239.85034,34.23985034,CLMB
CLMB,627,K39,87733.97404,87.73397404,CLMB
CLMB,628,K39,*,*,CLMB
CLMB,629,K39,41543.35114,41.54335114,CLMB
CLMB,630,K39,*,*,CLMB
CLMB,632,K39,47223.88395,47.22388395,CLMB
CLMB,633,K39,97717.96231,97.71796231,CLMB
CLMB,634,K39,14057.39336,14.05739336,CLMB
CLMB,635,K39,33478.33437,33.47833437,CLMB
CLMB,636,K39,63516.19346,63.51619346,CLMB
CLMB,637,K39,74321.97892,74.32197892,CLMB
CLMB,638,K39,52180.55455,52.18055455,CLMB
CLMB,639,K39,72541.17335,72.54117335,CLMB
CLMB,640,K39,48897.75604,48.89775604,CLMB
CLMB,641,K39,93802.7947,93.8027947,CLMB
CLMB,642,K39,70578.42465,70.57842465,CLMB
CLMB,643,K39,80916.09517,80.91609517,CLMB
CLMB,644,K39,*,*,CLMB
CLMB,645,K39,121150.7129,121.1507129,CLMB
CLMB,647,K39,37710.01053,37.71001053,CLMB
CLMB,648,K39,*,*,CLMB
CLMB,649,K39,77340.93182,77.34093182,CLMB
CLMB,652,K39,27238.12428,27.23812428,CLMB
CLMB,654,K39,33244.7164,33.2447164,CLMB
CLMB,655,K39,49468.51883,49.46851883,CLMB
CLMB,656,K39,58472.25874,58.47225874,CLMB
CLMB,657,K39,62429.76822,62.42976822,CLMB
CLMB,658,K39,46651.5121,46.6515121,CLMB
CLMB,660,K39,35920.34469,35.92034469,CLMB
CLMB,661,K39,39311.54585,39.31154585,CLMB
CLMB,663,K39,30106.88776,30.10688776,CLMB
CLMB,664,K39,50466.61675,50.46661675,CLMB
CLMB,666,K39,26551.81621,26.55181621,CLMB
CLMB,667,K39,105982.9342,105.9829342,CLMB
CLMB,668,K39,44362.3476,44.3623476,CLMB
CLMB,669,K39,74724.75343,74.72475343,CLMB
CLMB,670,K39,*,*,CLMB
CLMB,671,K39,67799.88921,67.79988921,CLMB
CLMB,672,K39,40586.58223,40.58658223,CLMB
CLMB,673,K39,40062.31227,40.06231227,CLMB
CLMB,674,K39,84610.08815,84.61008815,CLMB
CLMB,675,K39,41455.3092,41.4553092,CLMB
CLMB,677,K39,34908.10332,34.90810332,CLMB
CLMB,679,K39,*,*,CLMB
CLMB,680,K39,39068.87107,39.06887107,CLMB
CLMB,681,K39,82071.43575,82.07143575,CLMB
CLMB,682,K39,62579.0837,62.5790837,CLMB
CLMB,683,K39,111035.8291,111.0358291,CLMB
CLMB,684,K39,36287.38516,36.28738516,CLMB
CLMB,685,K39,86528.58284,86.52858284,CLMB
CLMB,686,K39,63929.29981,63.92929981,CLMB
CLMB,689,K39,28009.76797,28.00976797,CLMB
CLMB,690,K39,24331.31803,24.33131803,CLMB
CLMB,691,K39,26059.10273,26.05910273,CLMB
CLMB,692,K39,65169.58164,65.16958164,CLMB
CLMB,693,K39,31384.86047,31.38486047,CLMB
CLMB,694,K39,39675.65429,39.67565429,CLMB
CLMB,695,K39,32469.38992,32.46938992,CLMB
CLMB,696,K39,78508.19676,78.50819676,CLMB
CLMB,697,K39,86984.69552,86.98469552,CLMB
CLMB,698,K39,39006.37246,39.00637246,CLMB
CLMB,699,K39,53044.0918,53.0440918,CLMB
CLMB,700,K39,36123.94503,36.12394503,CLMB
CLMB,702,K39,34732.87604,34.73287604,CLMB
CLMB,703,K39,19864.31592,19.86431592,CLMB
CLMB,704,K39,38356.66367,38.35666367,CLMB
CLMB,705,K39,97690.78708,97.69078708,CLMB
CLMB,706,K39,43476.32285,43.47632285,CLMB
CLMB,707,K39,38869.91506,38.86991506,CLMB
CLMB,708,K39,*,*,CLMB
CLMB,710,K39,83706.30287,83.70630287,CLMB
CLMB,711,K39,43398.78946,43.39878946,CLMB
CLMB,712,K39,64062.82887,64.06282887,CLMB
CLMB,713,K39,15933.27769,15.93327769,CLMB
CLMB,714,K39,42851.9743,42.8519743,CLMB
CLMB,715,K39,48141.68627,48.14168627,CLMB
CLMB,716,K39,57408.65326,57.40865326,CLMB
CLMB,718,K39,36410.42301,36.41042301,CLMB
CLMB,719,K39,44901.03032,44.90103032,CLMB
CLMB,720,K39,56455.51916,56.45551916,CLMB
CLMB,721,K39,*,*,CLMB
CLMB,722,K39,73779.18238,73.77918238,CLMB
CLMB,723,K39,*,*,CLMB
CLMB,724,K39,204.4843536,0.204484354,CLMB
CLMB,725,K39,103118.2386,103.1182386,CLMB
CLMB,726,K39,100964.1679,100.9641679,CLMB
CLMB,729,K39,28024.64723,28.02464723,CLMB
CLMB,730,K39,30354.89658,30.35489658,CLMB
CLMB,731,K39,100880.2866,100.8802866,CLMB
CLMB,732,K39,*,*,CLMB
CLMB,733,K39,31234.82898,31.23482898,CLMB
CLMB,734,K39,60173.6121,60.1736121,CLMB
CLMB,735,K39,58367.57175,58.36757175,CLMB
CLMB,736,K39,36952.6662,36.9526662,CLMB
CLMB,737,K39,53978.71305,53.97871305,CLMB
CLMB,738,K39,51435.5242,51.4355242,CLMB
CLMB,739,K39,30310.64947,30.31064947,CLMB
CLMB,740,K39,29994.3298,29.9943298,CLMB
CLMB,742,K39,43188.45,43.18845,CLMB
CLMB,743,K39,48097.86002,48.09786002,CLMB
CLMB,744,K39,54229.79728,54.22979728,CLMB
CLMB,745,K39,65414.03839,65.41403839,CLMB
CLMB,746,K39,45117.75777,45.11775777,CLMB
CLMB,748,K39,70519.20408,70.51920408,CLMB
CLMB,749,K39,37194.74788,37.19474788,CLMB
CLMB,750,K39,119682.1929,119.6821929,CLMB
CLMB,751,K39,90861.4221,90.8614221,CLMB
CLMB,752,K39,63101.4703,63.1014703,CLMB
CLMB,753,K39,87997.23963,87.99723963,CLMB
CLMB,755,K39,68903.76034,68.90376034,CLMB
CLMB,756,K39,42104.3311,42.1043311,CLMB
CLMB,757,K39,60262.15899,60.26215899,CLMB
CLMB,758,K39,53449.46831,53.44946831,CLMB
CLMB,759,K39,53206.27908,53.20627908,CLMB
CLMB,760,K39,108486.4117,108.4864117,CLMB
CLMB,761,K39,51439.25155,51.43925155,CLMB
CLMB,762,K39,65392.01093,65.39201093,CLMB
CLMB,763,K39,39460.88947,39.46088947,CLMB
CLMB,764,K39,41321.50987,41.32150987,CLMB
CLMB,765,K39,86733.3507,86.7333507,CLMB
CLMB,766,K39,29924.22662,29.92422662,CLMB
CLMB,767,K39,33614.11012,33.61411012,CLMB
CLMB,768,K39,79901.82232,79.90182232,CLMB
CLMB,769,K39,*,*,CLMB
CLMB,770,K39,88069.68244,88.06968244,CLMB
CLMB,771,K39,48114.90341,48.11490341,CLMB
CLMB,772,K39,33772.24682,33.77224682,CLMB
CLMB,773,K39,104267.0354,104.2670354,CLMB
CLMB,774,K39,34471.15025,34.47115025,CLMB
CLMB,775,K39,58122.6854,58.1226854,CLMB
CLMB,776,K39,34774.19779,34.77419779,CLMB
CLMB,777,K39,65190.75214,65.19075214,CLMB
CLMB,778,K39,100973.2502,100.9732502,CLMB
CLMB,779,K39,57781.75281,57.78175281,CLMB
CLMB,780,K39,63124.78562,63.12478562,CLMB
CLMB,781,K39,85128.84904,85.12884904,CLMB
CLMB,782,K39,46323.71852,46.32371852,CLMB
CLMB,783,K39,31982.4511,31.9824511,CLMB
CLMB,784,K39,67761.36679,67.76136679,CLMB
CLMB,785,K39,20065.30376,20.06530376,CLMB
CLMB,786,K39,30768.56543,30.76856543,CLMB
CLMB,787,K39,89020.98404,89.02098404,CLMB
CLMB,788,K39,24145.58382,24.14558382,CLMB
CLMB,789,K39,87638.45667,87.63845667,CLMB
CLMB,790,K39,60670.50724,60.67050724,CLMB
CLMB,792,K39,56579.46353,56.57946353,CLMB
CLMB,794,K39,74918.61291,74.91861291,CLMB
CLMB,795,K39,55373.48567,55.37348567,CLMB
CLMB,796,K39,77807.13992,77.80713992,CLMB
CLMB,797,K39,73225.22604,73.22522604,CLMB
CLMB,799,K39,123324.2178,123.3242178,CLMB
CLMB,800,K39,60773.32639,60.77332639,CLMB
CLMB,801,K39,36467.31086,36.46731086,CLMB
CLMB,802,K39,58153.22804,58.15322804,CLMB
CLMB,803,K39,76541.98089,76.54198089,CLMB
CLMB,804,K39,60637.29199,60.63729199,CLMB
CLMB,805,K39,23200.75651,23.20075651,CLMB
CLMB,806,K39,20751.09745,20.75109745,CLMB
CLMB,808,K39,43514.41799,43.51441799,CLMB
CLMB,809,K39,49209.45485,49.20945485,CLMB
CLMB,810,K39,167.7240162,0.167724016,CLMB
CLMB,811,K39,39490.21549,39.49021549,CLMB
CLMB,812,K39,70735.30316,70.73530316,CLMB
CLMB,813,K39,*,*,CLMB
CLMB,814,K39,58361.37986,58.36137986,CLMB
CLMB,815,K39,98218.16616,98.21816616,CLMB
CLMB,816,K39,93398.61613,93.39861613,CLMB
CLMB,817,K39,40842.7426,40.8427426,CLMB
CLMB,818,K39,53471.89156,53.47189156,CLMB
CLMB,819,K39,87000.25601,87.00025601,CLMB
CLMB,820,K39,88008.84589,88.00884589,CLMB
CLMB,821,K39,34432.44211,34.43244211,CLMB
CLMB,822,K39,27128.89906,27.12889906,CLMB
CLMB,823,K39,30951.75703,30.95175703,CLMB
CLMB,824,K39,49553.50695,49.55350695,CLMB
CLMB,825,K39,73281.83754,73.28183754,CLMB
KBSM,1,K39,34860.99405,34.86099405,KBSM
KBSM,2,K39,63610.71219,63.61071219,KBSM
KBSM,3,K39,55850.38315,55.85038315,KBSM
KBSM,4,K39,81153.60684,81.15360684,KBSM
KBSM,5,K39,60898.20911,60.89820911,KBSM
KBSM,7,K39,44208.38696,44.20838696,KBSM
KBSM,8,K39,41526.2532,41.5262532,KBSM
KBSM,9,K39,37595.35735,37.59535735,KBSM
KBSM,10,K39,36324.02826,36.32402826,KBSM
KBSM,11,K39,47568.07356,47.56807356,KBSM
KBSM,12,K39,24344.07426,24.34407426,KBSM
KBSM,13,K39,*,*,KBSM
KBSM,14,K39,80462.94322,80.46294322,KBSM
KBSM,15,K39,74586.58405,74.58658405,KBSM
KBSM,16,K39,*,*,KBSM
KBSM,17,K39,61715.62407,61.71562407,KBSM
KBSM,18,K39,19330.42329,19.33042329,KBSM
KBSM,19,K39,43337.87387,43.33787387,KBSM
KBSM,20,K39,64753.28745,64.75328745,KBSM
KBSM,21,K39,*,*,KBSM
KBSM,22,K39,27688.47369,27.68847369,KBSM
KBSM,23,K39,84237.78523,84.23778523,KBSM
KBSM,24,K39,*,*,KBSM
KBSM,25,K39,76563.2165,76.5632165,KBSM
KBSM,26,K39,65808.84925,65.80884925,KBSM
KBSM,27,K39,*,*,KBSM
KBSM,28,K39,74574.23977,74.57423977,KBSM
KBSM,29,K39,32020.54447,32.02054447,KBSM
KBSM,30,K39,21975.30651,21.97530651,KBSM
KBSM,31,K39,41045.44873,41.04544873,KBSM
KBSM,32,K39,81021.33433,81.02133433,KBSM
KBSM,33,K39,34468.44971,34.46844971,KBSM
KBSM,34,K39,29427.62076,29.42762076,KBSM
KBSM,35,K39,16373.99927,16.37399927,KBSM
KBSM,36,K39,57250.33991,57.25033991,KBSM
KBSM,37,K39,31737.77699,31.73777699,KBSM
KBSM,38,K39,76791.57343,76.79157343,KBSM
KBSM,39,K39,40049.32441,40.04932441,KBSM
KBSM,40,K39,67484.10128,67.48410128,KBSM
KBSM,41,K39,25605.54232,25.60554232,KBSM
KBSM,42,K39,78439.04765,78.43904765,KBSM
KBSM,43,K39,63292.30986,63.29230986,KBSM
KBSM,44,K39,41905.84526,41.90584526,KBSM
KBSM,46,K39,77980.60511,77.98060511,KBSM
KBSM,48,K39,38632.7055,38.6327055,KBSM
KBSM,49,K39,*,*,KBSM
KBSM,50,K39,*,*,KBSM
KBSM,52,K39,18614.96053,18.61496053,KBSM
KBSM,53,K39,55632.13122,55.63213122,KBSM
KBSM,54,K39,60432.16254,60.43216254,KBSM
KBSM,55,K39,52036.49826,52.03649826,KBSM
KBSM,56,K39,63206.21273,63.20621273,KBSM
KBSM,57,K39,51197.62732,51.19762732,KBSM
KBSM,58,K39,*,*,KBSM
KBSM,59,K39,*,*,KBSM
KBSM,60,K39,*,*,KBSM
KBSM,61,K39,58874.78289,58.87478289,KBSM
KBSM,62,K39,110482.8927,110.4828927,KBSM
KBSM,63,K39,*,*,KBSM
KBSM,64,K39,53942.01052,53.94201052,KBSM
KBSM,65,K39,24978.4118,24.9784118,KBSM
KBSM,66,K39,76227.04743,76.22704743,KBSM
KBSM,67,K39,38273.63997,38.27363997,KBSM
KBSM,68,K39,75283.11252,75.28311252,KBSM
KBSM,69,K39,136578.9397,136.5789397,KBSM
KBSM,70,K39,82141.67952,82.14167952,KBSM
KBSM,71,K39,*,*,KBSM
KBSM,72,K39,71530.48538,71.53048538,KBSM
KBSM,73,K39,45724.87895,45.72487895,KBSM
KBSM,74,K39,65181.54598,65.18154598,KBSM
KBSM,75,K39,*,*,KBSM
KBSM,76,K39,*,*,KBSM
KBSM,77,K39,*,*,KBSM
KBSM,78,K39,60436.26708,60.43626708,KBSM
KBSM,79,K39,72413.46959,72.41346959,KBSM
KBSM,80,K39,87019.62912,87.01962912,KBSM
KBSM,81,K39,37316.03327,37.31603327,KBSM
KBSM,83,K39,74235.45613,74.23545613,KBSM
KBSM,84,K39,*,*,KBSM
KBSM,85,K39,22809.41045,22.80941045,KBSM
KBSM,86,K39,77597.22402,77.59722402,KBSM
KBSM,87,K39,44340.77604,44.34077604,KBSM
KBSM,88,K39,50835.14432,50.83514432,KBSM
KBSM,89,K39,62803.86508,62.80386508,KBSM
KBSM,90,K39,64651.25095,64.65125095,KBSM
KBSM,91,K39,90980.2608,90.9802608,KBSM
KBSM,93,K39,63131.19054,63.13119054,KBSM
KBSM,94,K39,50517.88898,50.51788898,KBSM
KBSM,95,K39,72023.02854,72.02302854,KBSM
KBSM,96,K39,31676.77377,31.67677377,KBSM
KBSM,97,K39,18512.91046,18.51291046,KBSM
KBSM,99,K39,82635.81037,82.63581037,KBSM
KBSM,100,K39,52986.82501,52.98682501,KBSM
KBSM,101,K39,74530.66922,74.53066922,KBSM
KBSM,102,K39,*,*,KBSM
KBSM,103,K39,84373.68606,84.37368606,KBSM
KBSM,104,K39,32794.60028,32.79460028,KBSM
KBSM,105,K39,72463.69371,72.46369371,KBSM
KBSM,106,K39,69526.18981,69.52618981,KBSM
KBSM,107,K39,59639.47291,59.63947291,KBSM
KBSM,110,K39,89803.11258,89.80311258,KBSM
KBSM,111,K39,62791.24284,62.79124284,KBSM
KBSM,112,K39,34805.94566,34.80594566,KBSM
KBSM,113,K39,*,*,KBSM
KBSM,114,K39,75818.40551,75.81840551,KBSM
KBSM,115,K39,47270.97639,47.27097639,KBSM
KBSM,116,K39,66999.55512,66.99955512,KBSM
KBSM,117,K39,20214.78505,20.21478505,KBSM
KBSM,118,K39,81938.72568,81.93872568,KBSM
KBSM,119,K39,74612.1918,74.6121918,KBSM
KBSM,120,K39,*,*,KBSM
KBSM,122,K39,63310.0898,63.3100898,KBSM
KBSM,123,K39,54774.07987,54.77407987,KBSM
KBSM,125,K39,52861.97822,52.86197822,KBSM
KBSM,126,K39,18390.69443,18.39069443,KBSM
KBSM,127,K39,63122.45689,63.12245689,KBSM
KBSM,128,K39,66925.66253,66.92566253,KBSM
KBSM,130,K39,88057.16543,88.05716543,KBSM
KBSM,131,K39,47254.61072,47.25461072,KBSM
KBSM,132,K39,92154.91277,92.15491277,KBSM
KBSM,134,K39,77518.55889,77.51855889,KBSM
KBSM,135,K39,55783.49005,55.78349005,KBSM
KBSM,136,K39,81064.58695,81.06458695,KBSM
KBSM,137,K39,53041.4471,53.0414471,KBSM
KBSM,138,K39,*,*,KBSM
KBSM,139,K39,72435.07457,72.43507457,KBSM
KBSM,141,K39,*,*,KBSM
KBSM,142,K39,23492.71823,23.49271823,KBSM
KBSM,143,K39,80863.38979,80.86338979,KBSM
KBSM,144,K39,51429.74653,51.42974653,KBSM
KBSM,145,K39,44136.01302,44.13601302,KBSM
KBSM,146,K39,*,*,KBSM
KBSM,147,K39,57396.80721,57.39680721,KBSM
KBSM,148,K39,48196.37803,48.19637803,KBSM
KBSM,150,K39,17508.00672,17.50800672,KBSM
KBSM,151,K39,52139.43348,52.13943348,KBSM
KBSM,152,K39,61094.58574,61.09458574,KBSM
KBSM,153,K39,106483.9112,106.4839112,KBSM
KBSM,154,K39,87643.55366,87.64355366,KBSM
KBSM,155,K39,111339.1977,111.3391977,KBSM
KBSM,156,K39,47175.00493,47.17500493,KBSM
KBSM,157,K39,36299.03011,36.29903011,KBSM
KBSM,158,K39,62057.17502,62.05717502,KBSM
KBSM,159,K39,24815.4029,24.8154029,KBSM
KBSM,161,K39,40020.88298,40.02088298,KBSM
KBSM,163,K39,57633.44482,57.63344482,KBSM
KBSM,164,K39,47359.73961,47.35973961,KBSM
KBSM,166,K39,54692.97524,54.69297524,KBSM
KBSM,167,K39,55414.34003,55.41434003,KBSM
KBSM,168,K39,61688.32903,61.68832903,KBSM
KBSM,169,K39,*,*,KBSM
KBSM,170,K39,70132.01712,70.13201712,KBSM
KBSM,171,K39,55401.20886,55.40120886,KBSM
KBSM,172,K39,72929.80243,72.92980243,KBSM
KBSM,173,K39,16446.20511,16.44620511,KBSM
KBSM,174,K39,14794.44678,14.79444678,KBSM
KBSM,175,K39,94867.2902,94.8672902,KBSM
KBSM,176,K39,51769.40207,51.76940207,KBSM
KBSM,177,K39,38636.67693,38.63667693,KBSM
KBSM,178,K39,40548.19839,40.54819839,KBSM
KBSM,179,K39,*,*,KBSM
KBSM,180,K39,*,*,KBSM
KBSM,181,K39,*,*,KBSM
KBSM,182,K39,34323.13723,34.32313723,KBSM
KBSM,184,K39,57089.77484,57.08977484,KBSM
KBSM,185,K39,51735.35896,51.73535896,KBSM
KBSM,186,K39,*,*,KBSM
KBSM,187,K39,76928.61433,76.92861433,KBSM
KBSM,188,K39,54626.29205,54.62629205,KBSM
KBSM,189,K39,58244.36635,58.24436635,KBSM
KBSM,190,K39,17140.82873,17.14082873,KBSM
KBSM,191,K39,51141.96105,51.14196105,KBSM
KBSM,192,K39,*,*,KBSM
KBSM,193,K39,97290.24989,97.29024989,KBSM
KBSM,194,K39,55075.53495,55.07553495,KBSM
KBSM,195,K39,50238.59334,50.23859334,KBSM
KBSM,196,K39,63983.56513,63.98356513,KBSM
KBSM,197,K39,59078.98273,59.07898273,KBSM
KBSM,198,K39,86904.43652,86.90443652,KBSM
KBSM,199,K39,56890.37114,56.89037114,KBSM
KBSM,200,K39,50679.51663,50.67951663,KBSM
KBSM,201,K39,52039.13189,52.03913189,KBSM
KBSM,203,K39,45163.51777,45.16351777,KBSM
KBSM,204,K39,48517.20161,48.51720161,KBSM
KBSM,205,K39,69325.13786,69.32513786,KBSM
KBSM,207,K39,81529.69421,81.52969421,KBSM
KBSM,208,K39,73735.00172,73.73500172,KBSM
KBSM,209,K39,*,*,KBSM
KBSM,210,K39,91751.11125,91.75111125,KBSM
KBSM,211,K39,*,*,KBSM
KBSM,212,K39,*,*,KBSM
KBSM,213,K39,23241.81583,23.24181583,KBSM
KBSM,214,K39,49576.78299,49.57678299,KBSM
KBSM,215,K39,73222.47433,73.22247433,KBSM
KBSM,216,K39,53305.28922,53.30528922,KBSM
KBSM,217,K39,24752.476,24.752476,KBSM
KBSM,218,K39,68838.42169,68.83842169,KBSM
KBSM,219,K39,*,*,KBSM
KBSM,220,K39,*,*,KBSM
KBSM,221,K39,66787.16793,66.78716793,KBSM
KBSM,222,K39,49391.64276,49.39164276,KBSM
KBSM,223,K39,37079.99226,37.07999226,KBSM
KBSM,224,K39,71793.87415,71.79387415,KBSM
KBSM,225,K39,*,*,KBSM
KBSM,226,K39,33811.90971,33.81190971,KBSM
KBSM,227,K39,75835.64403,75.83564403,KBSM
KBSM,228,K39,49944.42648,49.94442648,KBSM
KBSM,229,K39,72267.81625,72.26781625,KBSM
KBSM,230,K39,23197.20047,23.19720047,KBSM
KBSM,231,K39,*,*,KBSM
KBSM,232,K39,41463.67697,41.46367697,KBSM
KBSM,233,K39,*,*,KBSM
KBSM,234,K39,67132.01262,67.13201262,KBSM
KBSM,235,K39,85842.9112,85.8429112,KBSM
KBSM,236,K39,88913.53079,88.91353079,KBSM
KBSM,237,K39,40122.50749,40.12250749,KBSM
KBSM,238,K39,*,*,KBSM
KBSM,239,K39,52274.21961,52.27421961,KBSM
KBSM,240,K39,*,*,KBSM
KBSM,241,K39,*,*,KBSM
KBSM,242,K39,21195.85444,21.19585444,KBSM
KBSM,243,K39,100932.2603,100.9322603,KBSM
KBSM,244,K39,38307.28969,38.30728969,KBSM
KBSM,245,K39,30308.47278,30.30847278,KBSM
KBSM,246,K39,58162.08726,58.16208726,KBSM
KBSM,247,K39,22713.951,22.713951,KBSM
KBSM,248,K39,69194.84769,69.19484769,KBSM
KBSM,249,K39,62949.3148,62.9493148,KBSM
KBSM,250,K39,31112.22163,31.11222163,KBSM
KBSM,251,K39,54216.82209,54.21682209,KBSM
KBSM,252,K39,48689.96356,48.68996356,KBSM
KBSM,253,K39,*,*,KBSM
KBSM,254,K39,52457.6411,52.4576411,KBSM
KBSM,255,K39,26506.43468,26.50643468,KBSM
KBSM,256,K39,76415.15364,76.41515364,KBSM
KBSM,257,K39,44715.19086,44.71519086,KBSM
KBSM,258,K39,76375.74622,76.37574622,KBSM
KBSM,259,K39,48997.75411,48.99775411,KBSM
KBSM,260,K39,113290.9059,113.2909059,KBSM
KBSM,261,K39,*,*,KBSM
KBSM,262,K39,*,*,KBSM
KBSM,263,K39,43836.72082,43.83672082,KBSM
KBSM,264,K39,28284.26078,28.28426078,KBSM
KBSM,265,K39,41237.36403,41.23736403,KBSM
KBSM,267,K39,106633.0172,106.6330172,KBSM
KBSM,268,K39,38124.06135,38.12406135,KBSM
KBSM,269,K39,*,*,KBSM
KBSM,270,K39,101511.6103,101.5116103,KBSM
KBSM,271,K39,*,*,KBSM
KBSM,272,K39,39233.79024,39.23379024,KBSM
KBSM,273,K39,59755.99112,59.75599112,KBSM
KBSM,274,K39,23196.22106,23.19622106,KBSM
KBSM,275,K39,31818.02978,31.81802978,KBSM
KBSM,276,K39,42045.15229,42.04515229,KBSM
KBSM,277,K39,95519.53417,95.51953417,KBSM
KBSM,278,K39,*,*,KBSM
KBSM,279,K39,95329.47616,95.32947616,KBSM
KBSM,281,K39,106084.7903,106.0847903,KBSM
KBSM,282,K39,*,*,KBSM
KBSM,283,K39,34234.7132,34.2347132,KBSM
KBSM,284,K39,53073.92646,53.07392646,KBSM
KBSM,285,K39,118696.4818,118.6964818,KBSM
KBSM,286,K39,44693.29936,44.69329936,KBSM
KBSM,287,K39,46576.21195,46.57621195,KBSM
KBSM,288,K39,*,*,KBSM
KBSM,289,K39,59832.74092,59.83274092,KBSM
KBSM,290,K39,*,*,KBSM
KBSM,292,K39,*,*,KBSM
KBSM,293,K39,61621.86867,61.62186867,KBSM
KBSM,294,K39,78425.55037,78.42555037,KBSM
KBSM,296,K39,54521.85952,54.52185952,KBSM
KBSM,297,K39,35631.33098,35.63133098,KBSM
KBSM,298,K39,84186.67868,84.18667868,KBSM
KBSM,299,K39,34344.96438,34.34496438,KBSM
KBSM,300,K39,94844.889,94.844889,KBSM
KBSM,301,K39,48131.96567,48.13196567,KBSM
KBSM,302,K39,41331.63135,41.33163135,KBSM
KBSM,303,K39,65519.78011,65.51978011,KBSM
KBSM,304,K39,55921.47803,55.92147803,KBSM
KBSM,305,K39,31872.08964,31.87208964,KBSM
KBSM,306,K39,25336.57994,25.33657994,KBSM
KBSM,307,K39,40210.70665,40.21070665,KBSM
KBSM,308,K39,41721.41834,41.72141834,KBSM
KBSM,310,K39,62721.6111,62.7216111,KBSM
KBSM,311,K39,*,*,KBSM
KBSM,312,K39,105138.4192,105.1384192,KBSM
KBSM,313,K39,74418.11765,74.41811765,KBSM
KBSM,314,K39,94037.64048,94.03764048,KBSM
KBSM,315,K39,96304.34262,96.30434262,KBSM
KBSM,317,K39,42947.83763,42.94783763,KBSM
KBSM,318,K39,31297.096,31.297096,KBSM
KBSM,319,K39,*,*,KBSM
KBSM,320,K39,24450.29517,24.45029517,KBSM
KBSM,322,K39,88905.18099,88.90518099,KBSM
KBSM,323,K39,37264.73451,37.26473451,KBSM
KBSM,324,K39,56657.69453,56.65769453,KBSM
KBSM,325,K39,81868.86777,81.86886777,KBSM
KBSM,326,K39,34086.25886,34.08625886,KBSM
KBSM,328,K39,76847.05959,76.84705959,KBSM
KBSM,330,K39,106673.9303,106.6739303,KBSM
KBSM,332,K39,104786.8124,104.7868124,KBSM
KBSM,333,K39,20818.78217,20.81878217,KBSM
KBSM,334,K39,99956.41919,99.95641919,KBSM
KBSM,335,K39,56389.52844,56.38952844,KBSM
KBSM,336,K39,89293.60404,89.29360404,KBSM
KBSM,337,K39,60895.98032,60.89598032,KBSM
KBSM,338,K39,65768.10826,65.76810826,KBSM
KBSM,339,K39,114746.002,114.746002,KBSM
KBSM,340,K39,*,*,KBSM
KBSM,341,K39,74942.4941,74.9424941,KBSM
KBSM,342,K39,66897.45465,66.89745465,KBSM
KBSM,343,K39,25104.58548,25.10458548,KBSM
KBSM,345,K39,57845.2906,57.8452906,KBSM
KBSM,346,K39,31841.29944,31.84129944,KBSM
KBSM,347,K39,27986.68423,27.98668423,KBSM
KBSM,349,K39,76990.52528,76.99052528,KBSM
KBSM,350,K39,73711.63766,73.71163766,KBSM
KBSM,352,K39,30702.35472,30.70235472,KBSM
KBSM,353,K39,59576.73525,59.57673525,KBSM
KBSM,354,K39,60751.55468,60.75155468,KBSM
KBSM,355,K39,*,*,KBSM
KBSM,356,K39,69890.98751,69.89098751,KBSM
KBSM,358,K39,67362.48419,67.36248419,KBSM
KBSM,359,K39,77425.52667,77.42552667,KBSM
KBSM,360,K39,80140.39456,80.14039456,KBSM
KBSM,361,K39,44549.51575,44.54951575,KBSM
KBSM,363,K39,51449.41473,51.44941473,KBSM
KBSM,364,K39,89611.87144,89.61187144,KBSM
KBSM,365,K39,39252.39334,39.25239334,KBSM
KBSM,366,K39,45927.6613,45.9276613,KBSM
KBSM,367,K39,77570.59453,77.57059453,KBSM
KBSM,368,K39,*,*,KBSM
KBSM,369,K39,91316.35797,91.31635797,KBSM
KBSM,370,K39,44639.61763,44.63961763,KBSM
KBSM,371,K39,38920.78018,38.92078018,KBSM
KBSM,372,K39,19388.22556,19.38822556,KBSM
KBSM,373,K39,52467.10896,52.46710896,KBSM
KBSM,374,K39,29609.71809,29.60971809,KBSM
KBSM,375,K39,52511.12901,52.51112901,KBSM
KBSM,377,K39,*,*,KBSM
KBSM,378,K39,51732.45409,51.73245409,KBSM
KBSM,379,K39,44699.22252,44.69922252,KBSM
KBSM,380,K39,104861.142,104.861142,KBSM
KBSM,381,K39,79938.32051,79.93832051,KBSM
KBSM,382,K39,118525.1252,118.5251252,KBSM
KBSM,383,K39,42061.66005,42.06166005,KBSM
KBSM,384,K39,60201.34056,60.20134056,KBSM
KBSM,386,K39,62388.85695,62.38885695,KBSM
KBSM,388,K39,110864.6935,110.8646935,KBSM
KBSM,389,K39,60961.11727,60.96111727,KBSM
KBSM,390,K39,67026.59672,67.02659672,KBSM
KBSM,391,K39,44663.49768,44.66349768,KBSM
KBSM,392,K39,57089.00386,57.08900386,KBSM
KBSM,393,K39,40362.43761,40.36243761,KBSM
KBSM,394,K39,16754.12582,16.75412582,KBSM
KBSM,395,K39,32723.97215,32.72397215,KBSM
KBSM,396,K39,50175.55973,50.17555973,KBSM
KBSM,397,K39,93806.58367,93.80658367,KBSM
KBSM,398,K39,29817.82914,29.81782914,KBSM
KBSM,399,K39,20419.00422,20.41900422,KBSM
KBSM,400,K39,60891.25112,60.89125112,KBSM
KBSM,402,K39,86274.03689,86.27403689,KBSM
KBSM,403,K39,63612.97033,63.61297033,KBSM
KBSM,404,K39,43587.52712,43.58752712,KBSM
KBSM,405,K39,38435.2632,38.4352632,KBSM
KBSM,406,K39,69550.23602,69.55023602,KBSM
KBSM,407,K39,55150.67145,55.15067145,KBSM
KBSM,408,K39,32792.29094,32.79229094,KBSM
KBSM,409,K39,71878.56108,71.87856108,KBSM
KBSM,410,K39,90335.81987,90.33581987,KBSM
KBSM,411,K39,21285.9046,21.2859046,KBSM
KBSM,412,K39,88724.29389,88.72429389,KBSM
KBSM,413,K39,*,*,KBSM
KBSM,414,K39,59109.70195,59.10970195,KBSM
KBSM,415,K39,60693.24952,60.69324952,KBSM
KBSM,416,K39,*,*,KBSM
KBSM,417,K39,57164.30813,57.16430813,KBSM
KBSM,418,K39,42627.77827,42.62777827,KBSM
KBSM,419,K39,59780.49208,59.78049208,KBSM
KBSM,420,K39,106878.1345,106.8781345,KBSM
KBSM,421,K39,59608.0461,59.6080461,KBSM
KBSM,422,K39,48487.57712,48.48757712,KBSM
KBSM,423,K39,55307.25299,55.30725299,KBSM
KBSM,424,K39,62106.12774,62.10612774,KBSM
KBSM,425,K39,60449.77797,60.44977797,KBSM
KBSM,426,K39,91746.37569,91.74637569,KBSM
KBSM,427,K39,19188.00663,19.18800663,KBSM
KBSM,428,K39,43733.03602,43.73303602,KBSM
KBSM,429,K39,32865.63502,32.86563502,KBSM
KBSM,431,K39,45965.88947,45.96588947,KBSM
KBSM,432,K39,55192.76895,55.19276895,KBSM
KBSM,433,K39,58158.09307,58.15809307,KBSM
KBSM,435,K39,70812.41877,70.81241877,KBSM
KBSM,436,K39,33906.31088,33.90631088,KBSM
KBSM,437,K39,*,*,KBSM
KBSM,438,K39,*,*,KBSM
KBSM,439,K39,26299.33872,26.29933872,KBSM
KBSM,440,K39,53368.39031,53.36839031,KBSM
KBSM,442,K39,84595.23403,84.59523403,KBSM
KBSM,443,K39,47463.36743,47.46336743,KBSM
KBSM,444,K39,60322.37667,60.32237667,KBSM
KBSM,445,K39,50954.58495,50.95458495,KBSM
KBSM,446,K39,15245.35186,15.24535186,KBSM
KBSM,447,K39,92510.88599,92.51088599,KBSM
KBSM,448,K39,31434.66573,31.43466573,KBSM
KBSM,449,K39,74203.4706,74.2034706,KBSM
KBSM,450,K39,43420.59987,43.42059987,KBSM
KBSM,451,K39,21289.67668,21.28967668,KBSM
KBSM,452,K39,41752.32076,41.75232076,KBSM
KBSM,453,K39,15891.27888,15.89127888,KBSM
KBSM,454,K39,*,*,KBSM
KBSM,455,K39,17453.24103,17.45324103,KBSM
KBSM,456,K39,65166.25099,65.16625099,KBSM
KBSM,458,K39,20471.72857,20.47172857,KBSM
KBSM,459,K39,28760.69083,28.76069083,KBSM
KBSM,460,K39,14732.66917,14.73266917,KBSM
KBSM,461,K39,45052.51998,45.05251998,KBSM
KBSM,462,K39,22025.82639,22.02582639,KBSM
KBSM,463,K39,40054.30755,40.05430755,KBSM
KBSM,464,K39,40366.98564,40.36698564,KBSM
KBSM,465,K39,90038.84141,90.03884141,KBSM
KBSM,466,K39,103938.9868,103.9389868,KBSM
KBSM,467,K39,37119.98671,37.11998671,KBSM
KBSM,468,K39,55706.29651,55.70629651,KBSM
KBSM,469,K39,32700.24576,32.70024576,KBSM
KBSM,470,K39,46279.9658,46.2799658,KBSM
KBSM,471,K39,52576.46934,52.57646934,KBSM
KBSM,472,K39,38590.64037,38.59064037,KBSM
KBSM,473,K39,60701.79746,60.70179746,KBSM
KBSM,474,K39,*,*,KBSM
KBSM,475,K39,80072.68236,80.07268236,KBSM
KBSM,476,K39,66007.01608,66.00701608,KBSM
KBSM,477,K39,47763.08449,47.76308449,KBSM
KBSM,479,K39,37351.832,37.351832,KBSM
KBSM,480,K39,27083.05009,27.08305009,KBSM
KBSM,482,K39,*,*,KBSM
KBSM,483,K39,54541.60791,54.54160791,KBSM
KBSM,484,K39,50015.27463,50.01527463,KBSM
KBSM,485,K39,120589.8431,120.5898431,KBSM
KBSM,486,K39,*,*,KBSM
KBSM,487,K39,55570.4157,55.5704157,KBSM
KBSM,488,K39,35709.33998,35.70933998,KBSM
KBSM,489,K39,38977.13506,38.97713506,KBSM
KBSM,491,K39,42201.63867,42.20163867,KBSM
KBSM,492,K39,73033.70108,73.03370108,KBSM
KBSM,493,K39,79904.71261,79.90471261,KBSM
KBSM,494,K39,86710.66553,86.71066553,KBSM
KBSM,495,K39,68563.42605,68.56342605,KBSM
KBSM,496,K39,101210.6139,101.2106139,KBSM
KBSM,497,K39,24152.63253,24.15263253,KBSM
KBSM,498,K39,70482.42593,70.48242593,KBSM
KBSM,499,K39,*,*,KBSM
KBSM,500,K39,49396.73849,49.39673849,KBSM
KBSM,501,K39,16691.84387,16.69184387,KBSM
KBSM,502,K39,20758.44006,20.75844006,KBSM
KBSM,503,K39,44113.8227,44.1138227,KBSM
KBSM,504,K39,*,*,KBSM
KBSM,505,K39,14078.63523,14.07863523,KBSM
KBSM,506,K39,137234.2177,137.2342177,KBSM
KBSM,507,K39,92748.54906,92.74854906,KBSM
KBSM,508,K39,80007.70804,80.00770804,KBSM
KBSM,511,K39,31942.47184,31.94247184,KBSM
KBSM,512,K39,55197.50338,55.19750338,KBSM
KBSM,513,K39,25506.30151,25.50630151,KBSM
KBSM,514,K39,*,*,KBSM
KBSM,515,K39,40430.51709,40.43051709,KBSM
KBSM,516,K39,72935.85921,72.93585921,KBSM
KBSM,518,K39,*,*,KBSM
KBSM,519,K39,*,*,KBSM
KBSM,520,K39,64718.34356,64.71834356,KBSM
KBSM,521,K39,17838.10317,17.83810317,KBSM
KBSM,522,K39,109626.1289,109.6261289,KBSM
KBSM,523,K39,32334.98289,32.33498289,KBSM
KBSM,524,K39,30034.56411,30.03456411,KBSM
KBSM,525,K39,85230.69036,85.23069036,KBSM
KBSM,526,K39,51158.25533,51.15825533,KBSM
KBSM,527,K39,80669.63092,80.66963092,KBSM
KBSM,529,K39,*,*,KBSM
KBSM,530,K39,49907.14484,49.90714484,KBSM
KBSM,531,K39,56901.40941,56.90140941,KBSM
KBSM,532,K39,42472.74499,42.47274499,KBSM
KBSM,533,K39,18647.60064,18.64760064,KBSM
KBSM,534,K39,82998.62411,82.99862411,KBSM
KBSM,535,K39,55951.77029,55.95177029,KBSM
KBSM,536,K39,55778.92881,55.77892881,KBSM
KBSM,537,K39,83557.26489,83.55726489,KBSM
KBSM,539,K39,64735.26609,64.73526609,KBSM
KBSM,540,K39,62610.45573,62.61045573,KBSM
KBSM,541,K39,63065.85327,63.06585327,KBSM
KBSM,542,K39,106336.9621,106.3369621,KBSM
KBSM,544,K39,77983.75763,77.98375763,KBSM
KBSM,545,K39,57084.92119,57.08492119,KBSM
KBSM,546,K39,48427.20484,48.42720484,KBSM
KBSM,547,K39,40748.53486,40.74853486,KBSM
KBSM,548,K39,30948.33936,30.94833936,KBSM
KBSM,549,K39,93174.45399,93.17445399,KBSM
KBSM,551,K39,*,*,KBSM
KBSM,552,K39,94080.7135,94.0807135,KBSM
KBSM,553,K39,69458.85855,69.45885855,KBSM
KBSM,555,K39,30641.53943,30.64153943,KBSM
KBSM,556,K39,*,*,KBSM
KBSM,557,K39,72543.55198,72.54355198,KBSM
KBSM,558,K39,46161.64168,46.16164168,KBSM
KBSM,559,K39,52971.56867,52.97156867,KBSM
KBSM,560,K39,89932.9014,89.9329014,KBSM
KBSM,562,K39,26234.97823,26.23497823,KBSM
KBSM,563,K39,120491.8462,120.4918462,KBSM
KBSM,564,K39,*,*,KBSM
KBSM,565,K39,47828.41892,47.82841892,KBSM
KBSM,566,K39,29398.45447,29.39845447,KBSM
KBSM,567,K39,39708.19315,39.70819315,KBSM
KBSM,569,K39,65468.36959,65.46836959,KBSM
KBSM,570,K39,65872.68098,65.87268098,KBSM
KBSM,571,K39,106113.0781,106.1130781,KBSM
KBSM,572,K39,36641.37125,36.64137125,KBSM
KBSM,573,K39,48106.93276,48.10693276,KBSM
KBSM,574,K39,79131.46039,79.13146039,KBSM
KBSM,576,K39,29932.85336,29.93285336,KBSM
KBSM,577,K39,75595.04841,75.59504841,KBSM
KBSM,578,K39,47722.94547,47.72294547,KBSM
KBSM,579,K39,18204.02392,18.20402392,KBSM
KBSM,580,K39,67466.34449,67.46634449,KBSM
KBSM,581,K39,18627.90543,18.62790543,KBSM
KBSM,583,K39,36930.49004,36.93049004,KBSM
KBSM,584,K39,37616.52718,37.61652718,KBSM
KBSM,585,K39,32623.76878,32.62376878,KBSM
KBSM,586,K39,62634.98435,62.63498435,KBSM
KBSM,588,K39,31713.79105,31.71379105,KBSM
KBSM,589,K39,46944.8314,46.9448314,KBSM
KBSM,592,K39,93274.64596,93.27464596,KBSM
KBSM,593,K39,39530.41353,39.53041353,KBSM
KBSM,594,K39,63625.2988,63.6252988,KBSM
KBSM,595,K39,20168.04745,20.16804745,KBSM
KBSM,596,K39,49736.56035,49.73656035,KBSM
KBSM,597,K39,83077.01183,83.07701183,KBSM
KBSM,598,K39,28330.30719,28.33030719,KBSM
KBSM,599,K39,*,*,KBSM
KBSM,600,K39,25985.91572,25.98591572,KBSM
KBSM,601,K39,94656.14934,94.65614934,KBSM
KBSM,602,K39,*,*,KBSM
KBSM,603,K39,*,*,KBSM
KBSM,604,K39,*,*,KBSM
KBSM,605,K39,*,*,KBSM
KBSM,606,K39,40055.10244,40.05510244,KBSM
KBSM,608,K39,66682.56929,66.68256929,KBSM
KBSM,609,K39,47521.15205,47.52115205,KBSM
KBSM,610,K39,51970.05654,51.97005654,KBSM
KBSM,611,K39,40519.33569,40.51933569,KBSM
KBSM,612,K39,69246.12858,69.24612858,KBSM
KBSM,613,K39,39135.97607,39.13597607,KBSM
KBSM,614,K39,60152.3128,60.1523128,KBSM
KBSM,618,K39,57010.93966,57.01093966,KBSM
KBSM,619,K39,51333.71975,51.33371975,KBSM
KBSM,620,K39,25978.98822,25.97898822,KBSM
KBSM,621,K39,21676.82656,21.67682656,KBSM
KBSM,622,K39,59954.42749,59.95442749,KBSM
KBSM,623,K39,*,*,KBSM
KBSM,624,K39,*,*,KBSM
KBSM,625,K39,54069.44085,54.06944085,KBSM
KBSM,627,K39,54330.12147,54.33012147,KBSM
KBSM,628,K39,36417.58534,36.41758534,KBSM
KBSM,629,K39,60884.78857,60.88478857,KBSM
KBSM,630,K39,59189.87659,59.18987659,KBSM
KBSM,632,K39,49148.18845,49.14818845,KBSM
KBSM,633,K39,22422.50549,22.42250549,KBSM
KBSM,634,K39,38659.1911,38.6591911,KBSM
KBSM,635,K39,81401.18025,81.40118025,KBSM
KBSM,636,K39,30212.87469,30.21287469,KBSM
KBSM,637,K39,86151.94467,86.15194467,KBSM
KBSM,638,K39,86406.78711,86.40678711,KBSM
KBSM,639,K39,27595.75959,27.59575959,KBSM
KBSM,640,K39,106693.4654,106.6934654,KBSM
KBSM,641,K39,76051.36083,76.05136083,KBSM
KBSM,642,K39,36738.10264,36.73810264,KBSM
KBSM,643,K39,70960.95859,70.96095859,KBSM
KBSM,644,K39,99351.13026,99.35113026,KBSM
KBSM,645,K39,*,*,KBSM
KBSM,647,K39,*,*,KBSM
KBSM,648,K39,14307.01392,14.30701392,KBSM
KBSM,649,K39,62775.76114,62.77576114,KBSM
KBSM,652,K39,44283.18358,44.28318358,KBSM
KBSM,654,K39,26976.23962,26.97623962,KBSM
KBSM,655,K39,98860.72344,98.86072344,KBSM
KBSM,656,K39,43268.73579,43.26873579,KBSM
KBSM,657,K39,53816.54001,53.81654001,KBSM
KBSM,658,K39,17495.37858,17.49537858,KBSM
KBSM,660,K39,29319.56098,29.31956098,KBSM
KBSM,661,K39,36958.72178,36.95872178,KBSM
KBSM,663,K39,67558.66532,67.55866532,KBSM
KBSM,664,K39,42962.2146,42.9622146,KBSM
KBSM,666,K39,66699.64836,66.69964836,KBSM
KBSM,667,K39,19465.94758,19.46594758,KBSM
KBSM,668,K39,28596.49787,28.59649787,KBSM
KBSM,669,K39,64881.20808,64.88120808,KBSM
KBSM,670,K39,76040.40591,76.04040591,KBSM
KBSM,671,K39,*,*,KBSM
KBSM,672,K39,43479.50054,43.47950054,KBSM
KBSM,673,K39,17798.27972,17.79827972,KBSM
KBSM,674,K39,28662.5762,28.6625762,KBSM
KBSM,675,K39,58877.30094,58.87730094,KBSM
KBSM,677,K39,*,*,KBSM
KBSM,679,K39,92915.2985,92.9152985,KBSM
KBSM,680,K39,50860.3249,50.8603249,KBSM
KBSM,681,K39,50556.88012,50.55688012,KBSM
KBSM,682,K39,41938.33735,41.93833735,KBSM
KBSM,683,K39,68973.30691,68.97330691,KBSM
KBSM,684,K39,74260.06773,74.26006773,KBSM
KBSM,685,K39,27406.98443,27.40698443,KBSM
KBSM,686,K39,86582.10327,86.58210327,KBSM
KBSM,689,K39,*,*,KBSM
KBSM,690,K39,23344.59713,23.34459713,KBSM
KBSM,691,K39,34983.54628,34.98354628,KBSM
KBSM,692,K39,45411.45005,45.41145005,KBSM
KBSM,693,K39,26628.73969,26.62873969,KBSM
KBSM,694,K39,38005.9396,38.0059396,KBSM
KBSM,695,K39,86668.8563,86.6688563,KBSM
KBSM,696,K39,93506.66221,93.50666221,KBSM
KBSM,697,K39,52183.69027,52.18369027,KBSM
KBSM,698,K39,25725.21579,25.72521579,KBSM
KBSM,699,K39,30098.31226,30.09831226,KBSM
KBSM,700,K39,19948.85559,19.94885559,KBSM
KBSM,702,K39,*,*,KBSM
KBSM,703,K39,25172.26887,25.17226887,KBSM
KBSM,704,K39,49383.33003,49.38333003,KBSM
KBSM,705,K39,23291.88641,23.29188641,KBSM
KBSM,706,K39,36143.14419,36.14314419,KBSM
KBSM,707,K39,*,*,KBSM
KBSM,708,K39,*,*,KBSM
KBSM,710,K39,50086.35575,50.08635575,KBSM
KBSM,711,K39,34284.15555,34.28415555,KBSM
KBSM,712,K39,29244.20132,29.24420132,KBSM
KBSM,713,K39,67502.15937,67.50215937,KBSM
KBSM,714,K39,*,*,KBSM
KBSM,715,K39,81563.99568,81.56399568,KBSM
KBSM,716,K39,28211.88517,28.21188517,KBSM
KBSM,718,K39,*,*,KBSM
KBSM,719,K39,38826.8508,38.8268508,KBSM
KBSM,720,K39,51968.71715,51.96871715,KBSM
KBSM,721,K39,20051.91982,20.05191982,KBSM
KBSM,722,K39,48085.21076,48.08521076,KBSM
KBSM,723,K39,*,*,KBSM
KBSM,724,K39,80649.32076,80.64932076,KBSM
KBSM,725,K39,59962.16764,59.96216764,KBSM
KBSM,726,K39,43158.36186,43.15836186,KBSM
KBSM,729,K39,23154.1973,23.1541973,KBSM
KBSM,730,K39,27065.42476,27.06542476,KBSM
KBSM,731,K39,66173.06437,66.17306437,KBSM
KBSM,732,K39,33659.09408,33.65909408,KBSM
KBSM,733,K39,33137.23925,33.13723925,KBSM
KBSM,734,K39,61188.41629,61.18841629,KBSM
KBSM,735,K39,101757.8443,101.7578443,KBSM
KBSM,736,K39,83028.23643,83.02823643,KBSM
KBSM,737,K39,57211.17142,57.21117142,KBSM
KBSM,738,K39,37381.43919,37.38143919,KBSM
KBSM,739,K39,88892.92996,88.89292996,KBSM
KBSM,740,K39,22141.29975,22.14129975,KBSM
KBSM,742,K39,68852.18185,68.85218185,KBSM
KBSM,743,K39,48035.33187,48.03533187,KBSM
KBSM,744,K39,56524.49758,56.52449758,KBSM
KBSM,745,K39,64340.00291,64.34000291,KBSM
KBSM,746,K39,30052.39878,30.05239878,KBSM
KBSM,748,K39,85055.76895,85.05576895,KBSM
KBSM,749,K39,42424.53814,42.42453814,KBSM
KBSM,750,K39,77285.56884,77.28556884,KBSM
KBSM,751,K39,119307.3105,119.3073105,KBSM
KBSM,752,K39,41454.51376,41.45451376,KBSM
KBSM,753,K39,54632.93065,54.63293065,KBSM
KBSM,755,K39,45040.73284,45.04073284,KBSM
KBSM,756,K39,*,*,KBSM
KBSM,757,K39,87054.08362,87.05408362,KBSM
KBSM,758,K39,76577.94232,76.57794232,KBSM
KBSM,759,K39,70830.23603,70.83023603,KBSM
KBSM,760,K39,45937.73356,45.93773356,KBSM
KBSM,761,K39,33384.99458,33.38499458,KBSM
KBSM,762,K39,46004.51203,46.00451203,KBSM
KBSM,763,K39,55518.34233,55.51834233,KBSM
KBSM,764,K39,25866.59896,25.86659896,KBSM
KBSM,765,K39,48378.29337,48.37829337,KBSM
KBSM,766,K39,23522.23836,23.52223836,KBSM
KBSM,767,K39,24648.90558,24.64890558,KBSM
KBSM,768,K39,27943.40403,27.94340403,KBSM
KBSM,769,K39,*,*,KBSM
KBSM,770,K39,46969.22446,46.96922446,KBSM
KBSM,771,K39,37951.72428,37.95172428,KBSM
KBSM,772,K39,51294.70305,51.29470305,KBSM
KBSM,773,K39,79053.79844,79.05379844,KBSM
KBSM,774,K39,56916.42969,56.91642969,KBSM
KBSM,775,K39,29261.55215,29.26155215,KBSM
KBSM,776,K39,36865.35766,36.86535766,KBSM
KBSM,777,K39,107928.8773,107.9288773,KBSM
KBSM,778,K39,21111.37166,21.11137166,KBSM
KBSM,779,K39,71467.25173,71.46725173,KBSM
KBSM,780,K39,66489.50868,66.48950868,KBSM
KBSM,781,K39,*,*,KBSM
KBSM,782,K39,43190.05211,43.19005211,KBSM
KBSM,783,K39,55495.15342,55.49515342,KBSM
KBSM,784,K39,83615.72202,83.61572202,KBSM
KBSM,785,K39,50843.49541,50.84349541,KBSM
KBSM,786,K39,12807.40909,12.80740909,KBSM
KBSM,787,K39,89771.41734,89.77141734,KBSM
KBSM,788,K39,52389.74754,52.38974754,KBSM
KBSM,789,K39,32196.31441,32.19631441,KBSM
KBSM,790,K39,66239.80246,66.23980246,KBSM
KBSM,792,K39,81974.03785,81.97403785,KBSM
KBSM,794,K39,92150.80257,92.15080257,KBSM
KBSM,795,K39,17783.14232,17.78314232,KBSM
KBSM,796,K39,*,*,KBSM
KBSM,797,K39,44628.49418,44.62849418,KBSM
KBSM,799,K39,*,*,KBSM
KBSM,800,K39,71520.95102,71.52095102,KBSM
KBSM,801,K39,54546.6795,54.5466795,KBSM
KBSM,802,K39,94161.78758,94.16178758,KBSM
KBSM,803,K39,25052.78855,25.05278855,KBSM
KBSM,804,K39,38534.70399,38.53470399,KBSM
KBSM,805,K39,40929.0838,40.9290838,KBSM
KBSM,806,K39,46280.72582,46.28072582,KBSM
KBSM,808,K39,104664.1016,104.6641016,KBSM
KBSM,809,K39,29351.50402,29.35150402,KBSM
KBSM,810,K39,89347.57984,89.34757984,KBSM
KBSM,811,K39,16752.62314,16.75262314,KBSM
KBSM,812,K39,76586.28394,76.58628394,KBSM
KBSM,813,K39,53444.05945,53.44405945,KBSM
KBSM,814,K39,74732.72442,74.73272442,KBSM
KBSM,815,K39,41587.00206,41.58700206,KBSM
KBSM,816,K39,83379.22445,83.37922445,KBSM
KBSM,817,K39,*,*,KBSM
KBSM,818,K39,88687.97037,88.68797037,KBSM
KBSM,819,K39,60642.56628,60.64256628,KBSM
KBSM,820,K39,50353.12355,50.35312355,KBSM
KBSM,821,K39,46805.87089,46.80587089,KBSM
KBSM,822,K39,59402.35651,59.40235651,KBSM
KBSM,823,K39,95663.27563,95.66327563,KBSM
KBSM,824,K39,45802.50369,45.80250369,KBSM
KBSM,825,K39,68861.60057,68.86160057,KBSM
PKLE,1,K39,53691.30566,53.69130566,PKLE
PKLE,2,K39,29970.11106,29.97011106,PKLE
PKLE,3,K39,43903.14833,43.90314833,PKLE
PKLE,4,K39,48559.9445,48.5599445,PKLE
PKLE,5,K39,85531.11908,85.53111908,PKLE
PKLE,7,K39,62212.80723,62.21280723,PKLE
PKLE,8,K39,43289.28028,43.28928028,PKLE
PKLE,9,K39,71788.2304,71.7882304,PKLE
PKLE,10,K39,46850.69392,46.85069392,PKLE
PKLE,11,K39,62659.11252,62.65911252,PKLE
PKLE,12,K39,*,*,PKLE
PKLE,13,K39,75776.45472,75.77645472,PKLE
PKLE,14,K39,59660.09003,59.66009003,PKLE
PKLE,15,K39,36810.36795,36.81036795,PKLE
PKLE,16,K39,35275.44427,35.27544427,PKLE
PKLE,17,K39,36485.82089,36.48582089,PKLE
PKLE,18,K39,71859.64748,71.85964748,PKLE
PKLE,19,K39,48023.07731,48.02307731,PKLE
PKLE,20,K39,34273.32463,34.27332463,PKLE
PKLE,21,K39,*,*,PKLE
PKLE,22,K39,*,*,PKLE
PKLE,23,K39,26900.06276,26.90006276,PKLE
PKLE,24,K39,*,*,PKLE
PKLE,25,K39,51446.70501,51.44670501,PKLE
PKLE,26,K39,41099.61715,41.09961715,PKLE
PKLE,27,K39,*,*,PKLE
PKLE,28,K39,55812.4453,55.8124453,PKLE
PKLE,29,K39,70829.34541,70.82934541,PKLE
PKLE,30,K39,51752.13494,51.75213494,PKLE
PKLE,31,K39,46298.17998,46.29817998,PKLE
PKLE,32,K39,46146.32808,46.14632808,PKLE
PKLE,33,K39,36283.24821,36.28324821,PKLE
PKLE,34,K39,38507.92611,38.50792611,PKLE
PKLE,35,K39,64234.93958,64.23493958,PKLE
PKLE,36,K39,69485.02817,69.48502817,PKLE
PKLE,37,K39,33230.72318,33.23072318,PKLE
PKLE,38,K39,68669.52591,68.66952591,PKLE
PKLE,39,K39,73658.6549,73.6586549,PKLE
PKLE,40,K39,88680.0684,88.6800684,PKLE
PKLE,41,K39,25834.94577,25.83494577,PKLE
PKLE,42,K39,55696.22527,55.69622527,PKLE
PKLE,43,K39,83634.73132,83.63473132,PKLE
PKLE,44,K39,53161.91569,53.16191569,PKLE
PKLE,46,K39,54379.774,54.379774,PKLE
PKLE,48,K39,63484.86795,63.48486795,PKLE
PKLE,49,K39,*,*,PKLE
PKLE,50,K39,*,*,PKLE
PKLE,52,K39,22392.36109,22.39236109,PKLE
PKLE,53,K39,78393.92847,78.39392847,PKLE
PKLE,54,K39,80403.36691,80.40336691,PKLE
PKLE,55,K39,125114.9538,125.1149538,PKLE
PKLE,56,K39,60043.88098,60.04388098,PKLE
PKLE,57,K39,*,*,PKLE
PKLE,58,K39,119947.4537,119.9474537,PKLE
PKLE,59,K39,*,*,PKLE
PKLE,60,K39,*,*,PKLE
PKLE,61,K39,42983.45947,42.98345947,PKLE
PKLE,62,K39,27688.90163,27.68890163,PKLE
PKLE,63,K39,36397.77628,36.39777628,PKLE
PKLE,64,K39,*,*,PKLE
PKLE,65,K39,31825.61327,31.82561327,PKLE
PKLE,66,K39,*,*,PKLE
PKLE,67,K39,46681.78328,46.68178328,PKLE
PKLE,68,K39,41111.29562,41.11129562,PKLE
PKLE,69,K39,57071.91437,57.07191437,PKLE
PKLE,70,K39,56684.88881,56.68488881,PKLE
PKLE,71,K39,*,*,PKLE
PKLE,72,K39,66427.34803,66.42734803,PKLE
PKLE,73,K39,37916.68223,37.91668223,PKLE
PKLE,74,K39,60122.54791,60.12254791,PKLE
PKLE,75,K39,*,*,PKLE
PKLE,76,K39,80522.83785,80.52283785,PKLE
PKLE,77,K39,42743.24092,42.74324092,PKLE
PKLE,78,K39,56841.47039,56.84147039,PKLE
PKLE,79,K39,89604.03336,89.60403336,PKLE
PKLE,80,K39,48616.33196,48.61633196,PKLE
PKLE,81,K39,72707.75892,72.70775892,PKLE
PKLE,83,K39,38082.02639,38.08202639,PKLE
PKLE,84,K39,69990.16549,69.99016549,PKLE
PKLE,85,K39,45623.35994,45.62335994,PKLE
PKLE,86,K39,79919.84206,79.91984206,PKLE
PKLE,87,K39,103386.174,103.386174,PKLE
PKLE,88,K39,*,*,PKLE
PKLE,89,K39,40059.06961,40.05906961,PKLE
PKLE,90,K39,40733.22174,40.73322174,PKLE
PKLE,91,K39,70252.17597,70.25217597,PKLE
PKLE,93,K39,49495.14568,49.49514568,PKLE
PKLE,94,K39,*,*,PKLE
PKLE,95,K39,*,*,PKLE
PKLE,96,K39,*,*,PKLE
PKLE,97,K39,59204.82282,59.20482282,PKLE
PKLE,99,K39,117911.5855,117.9115855,PKLE
PKLE,100,K39,31616.79537,31.61679537,PKLE
PKLE,101,K39,46440.55995,46.44055995,PKLE
PKLE,102,K39,*,*,PKLE
PKLE,103,K39,*,*,PKLE
PKLE,104,K39,96057.79781,96.05779781,PKLE
PKLE,105,K39,32824.95724,32.82495724,PKLE
PKLE,106,K39,62442.32247,62.44232247,PKLE
PKLE,107,K39,54212.74265,54.21274265,PKLE
PKLE,110,K39,58655.08341,58.65508341,PKLE
PKLE,111,K39,65246.67978,65.24667978,PKLE
PKLE,112,K39,45241.61533,45.24161533,PKLE
PKLE,113,K39,29829.26874,29.82926874,PKLE
PKLE,114,K39,65688.51706,65.68851706,PKLE
PKLE,115,K39,65060.35898,65.06035898,PKLE
PKLE,116,K39,*,*,PKLE
PKLE,117,K39,65402.7048,65.4027048,PKLE
PKLE,118,K39,86468.86973,86.46886973,PKLE
PKLE,119,K39,55571.87216,55.57187216,PKLE
PKLE,120,K39,*,*,PKLE
PKLE,122,K39,68350.92841,68.35092841,PKLE
PKLE,123,K39,35034.31664,35.03431664,PKLE
PKLE,125,K39,49751.9582,49.7519582,PKLE
PKLE,126,K39,46798.89684,46.79889684,PKLE
PKLE,127,K39,65960.45349,65.96045349,PKLE
PKLE,128,K39,65460.46722,65.46046722,PKLE
PKLE,130,K39,61364.73685,61.36473685,PKLE
PKLE,131,K39,40185.28464,40.18528464,PKLE
PKLE,132,K39,*,*,PKLE
PKLE,134,K39,49755.31147,49.75531147,PKLE
PKLE,135,K39,38241.19199,38.24119199,PKLE
PKLE,136,K39,*,*,PKLE
PKLE,137,K39,77923.28518,77.92328518,PKLE
PKLE,138,K39,86729.59699,86.72959699,PKLE
PKLE,139,K39,78508.187,78.508187,PKLE
PKLE,141,K39,*,*,PKLE
PKLE,142,K39,52317.25303,52.31725303,PKLE
PKLE,143,K39,61891.31202,61.89131202,PKLE
PKLE,144,K39,35515.3901,35.5153901,PKLE
PKLE,145,K39,48282.55306,48.28255306,PKLE
PKLE,146,K39,44345.11391,44.34511391,PKLE
PKLE,147,K39,*,*,PKLE
PKLE,148,K39,45356.58873,45.35658873,PKLE
PKLE,150,K39,46651.60085,46.65160085,PKLE
PKLE,151,K39,70873.40646,70.87340646,PKLE
PKLE,152,K39,*,*,PKLE
PKLE,153,K39,93849.29303,93.84929303,PKLE
PKLE,154,K39,71415.43588,71.41543588,PKLE
PKLE,155,K39,41790.73024,41.79073024,PKLE
PKLE,156,K39,78497.95009,78.49795009,PKLE
PKLE,157,K39,105280.5108,105.2805108,PKLE
PKLE,158,K39,71754.21506,71.75421506,PKLE
PKLE,159,K39,*,*,PKLE
PKLE,161,K39,39651.34482,39.65134482,PKLE
PKLE,163,K39,*,*,PKLE
PKLE,164,K39,46228.08459,46.22808459,PKLE
PKLE,166,K39,58973.21608,58.97321608,PKLE
PKLE,167,K39,48780.55247,48.78055247,PKLE
PKLE,168,K39,52602.03221,52.60203221,PKLE
PKLE,169,K39,38467.60655,38.46760655,PKLE
PKLE,170,K39,48827.13786,48.82713786,PKLE
PKLE,171,K39,97567.92816,97.56792816,PKLE
PKLE,172,K39,88150.95647,88.15095647,PKLE
PKLE,173,K39,109232.0587,109.2320587,PKLE
PKLE,174,K39,33245.70682,33.24570682,PKLE
PKLE,175,K39,71511.34539,71.51134539,PKLE
PKLE,176,K39,66218.27193,66.21827193,PKLE
PKLE,177,K39,42534.44779,42.53444779,PKLE
PKLE,178,K39,85232.34774,85.23234774,PKLE
PKLE,179,K39,*,*,PKLE
PKLE,180,K39,*,*,PKLE
PKLE,181,K39,*,*,PKLE
PKLE,182,K39,48469.28331,48.46928331,PKLE
PKLE,184,K39,38113.4576,38.1134576,PKLE
PKLE,185,K39,70788.88924,70.78888924,PKLE
PKLE,186,K39,*,*,PKLE
PKLE,187,K39,61432.36663,61.43236663,PKLE
PKLE,188,K39,32353.50847,32.35350847,PKLE
PKLE,189,K39,72861.68217,72.86168217,PKLE
PKLE,190,K39,*,*,PKLE
PKLE,191,K39,83172.83845,83.17283845,PKLE
PKLE,192,K39,*,*,PKLE
PKLE,193,K39,41041.5784,41.0415784,PKLE
PKLE,194,K39,81006.28437,81.00628437,PKLE
PKLE,195,K39,57009.27624,57.00927624,PKLE
PKLE,196,K39,*,*,PKLE
PKLE,197,K39,96983.89401,96.98389401,PKLE
PKLE,198,K39,56050.88016,56.05088016,PKLE
PKLE,199,K39,66720.84311,66.72084311,PKLE
PKLE,200,K39,34807.69829,34.80769829,PKLE
PKLE,201,K39,71481.14305,71.48114305,PKLE
PKLE,203,K39,62742.27003,62.74227003,PKLE
PKLE,204,K39,71350.51029,71.35051029,PKLE
PKLE,205,K39,60696.09772,60.69609772,PKLE
PKLE,207,K39,155.0755259,0.155075526,PKLE
PKLE,208,K39,47132.42626,47.13242626,PKLE
PKLE,209,K39,47922.84334,47.92284334,PKLE
PKLE,210,K39,56400.69324,56.40069324,PKLE
PKLE,211,K39,57987.21693,57.98721693,PKLE
PKLE,212,K39,*,*,PKLE
PKLE,213,K39,29425.97117,29.42597117,PKLE
PKLE,214,K39,51617.8541,51.6178541,PKLE
PKLE,215,K39,83965.82458,83.96582458,PKLE
PKLE,216,K39,125435.8218,125.4358218,PKLE
PKLE,217,K39,64218.31088,64.21831088,PKLE
PKLE,218,K39,64679.88004,64.67988004,PKLE
PKLE,219,K39,*,*,PKLE
PKLE,220,K39,49286.53561,49.28653561,PKLE
PKLE,221,K39,55695.634,55.695634,PKLE
PKLE,222,K39,89874.96147,89.87496147,PKLE
PKLE,223,K39,*,*,PKLE
PKLE,224,K39,27792.71801,27.79271801,PKLE
PKLE,225,K39,61117.06435,61.11706435,PKLE
PKLE,226,K39,41657.87669,41.65787669,PKLE
PKLE,227,K39,54011.5016,54.0115016,PKLE
PKLE,228,K39,58318.9538,58.3189538,PKLE
PKLE,229,K39,121167.941,121.167941,PKLE
PKLE,230,K39,66422.07238,66.42207238,PKLE
PKLE,231,K39,52802.67435,52.80267435,PKLE
PKLE,232,K39,63592.26748,63.59226748,PKLE
PKLE,233,K39,*,*,PKLE
PKLE,234,K39,85386.63513,85.38663513,PKLE
PKLE,235,K39,64796.84381,64.79684381,PKLE
PKLE,236,K39,64278.20401,64.27820401,PKLE
PKLE,237,K39,51760.57121,51.76057121,PKLE
PKLE,238,K39,*,*,PKLE
PKLE,239,K39,30342.06247,30.34206247,PKLE
PKLE,240,K39,*,*,PKLE
PKLE,241,K39,*,*,PKLE
PKLE,242,K39,39113.14742,39.11314742,PKLE
PKLE,243,K39,88326.77293,88.32677293,PKLE
PKLE,244,K39,82213.75431,82.21375431,PKLE
PKLE,245,K39,62129.07256,62.12907256,PKLE
PKLE,246,K39,29266.35664,29.26635664,PKLE
PKLE,247,K39,53862.32139,53.86232139,PKLE
PKLE,248,K39,57318.52564,57.31852564,PKLE
PKLE,249,K39,113742.5841,113.7425841,PKLE
PKLE,250,K39,44294.91063,44.29491063,PKLE
PKLE,251,K39,*,*,PKLE
PKLE,252,K39,35521.61663,35.52161663,PKLE
PKLE,253,K39,*,*,PKLE
PKLE,254,K39,48392.97004,48.39297004,PKLE
PKLE,255,K39,43018.37645,43.01837645,PKLE
PKLE,256,K39,92042.16124,92.04216124,PKLE
PKLE,257,K39,45788.40413,45.78840413,PKLE
PKLE,258,K39,*,*,PKLE
PKLE,259,K39,43168.83133,43.16883133,PKLE
PKLE,260,K39,64010.35725,64.01035725,PKLE
PKLE,261,K39,61316.59388,61.31659388,PKLE
PKLE,262,K39,*,*,PKLE
PKLE,263,K39,77326.18075,77.32618075,PKLE
PKLE,264,K39,38065.32857,38.06532857,PKLE
PKLE,265,K39,62615.7676,62.6157676,PKLE
PKLE,267,K39,45031.52197,45.03152197,PKLE
PKLE,268,K39,*,*,PKLE
PKLE,269,K39,*,*,PKLE
PKLE,270,K39,48863.85024,48.86385024,PKLE
PKLE,271,K39,*,*,PKLE
PKLE,272,K39,81652.43577,81.65243577,PKLE
PKLE,273,K39,71610.29704,71.61029704,PKLE
PKLE,274,K39,51432.9027,51.4329027,PKLE
PKLE,275,K39,88285.61838,88.28561838,PKLE
PKLE,276,K39,*,*,PKLE
PKLE,277,K39,30981.69499,30.98169499,PKLE
PKLE,278,K39,*,*,PKLE
PKLE,279,K39,56530.85366,56.53085366,PKLE
PKLE,281,K39,76752.68595,76.75268595,PKLE
PKLE,282,K39,*,*,PKLE
PKLE,283,K39,*,*,PKLE
PKLE,284,K39,50098.63825,50.09863825,PKLE
PKLE,285,K39,*,*,PKLE
PKLE,286,K39,37936.94182,37.93694182,PKLE
PKLE,287,K39,63318.75476,63.31875476,PKLE
PKLE,288,K39,*,*,PKLE
PKLE,289,K39,73174.00631,73.17400631,PKLE
PKLE,290,K39,*,*,PKLE
PKLE,292,K39,48879.41571,48.87941571,PKLE
PKLE,293,K39,40549.40278,40.54940278,PKLE
PKLE,294,K39,75131.50644,75.13150644,PKLE
PKLE,296,K39,43237.21597,43.23721597,PKLE
PKLE,297,K39,57880.71003,57.88071003,PKLE
PKLE,298,K39,*,*,PKLE
PKLE,299,K39,53786.86612,53.78686612,PKLE
PKLE,300,K39,33633.72327,33.63372327,PKLE
PKLE,301,K39,51174.54153,51.17454153,PKLE
PKLE,302,K39,54101.79525,54.10179525,PKLE
PKLE,303,K39,52672.12293,52.67212293,PKLE
PKLE,304,K39,53722.692,53.722692,PKLE
PKLE,305,K39,49481.85594,49.48185594,PKLE
PKLE,306,K39,53868.90177,53.86890177,PKLE
PKLE,307,K39,71720.73479,71.72073479,PKLE
PKLE,308,K39,55947.37342,55.94737342,PKLE
PKLE,310,K39,38535.44244,38.53544244,PKLE
PKLE,311,K39,59057.98447,59.05798447,PKLE
PKLE,312,K39,75199.70684,75.19970684,PKLE
PKLE,313,K39,90875.70391,90.87570391,PKLE
PKLE,314,K39,59745.01888,59.74501888,PKLE
PKLE,315,K39,32967.17165,32.96717165,PKLE
PKLE,317,K39,105911.9409,105.9119409,PKLE
PKLE,318,K39,34876.33629,34.87633629,PKLE
PKLE,319,K39,*,*,PKLE
PKLE,320,K39,29766.43585,29.76643585,PKLE
PKLE,322,K39,45893.11669,45.89311669,PKLE
PKLE,323,K39,83798.75573,83.79875573,PKLE
PKLE,324,K39,96642.87107,96.64287107,PKLE
PKLE,325,K39,38020.70924,38.02070924,PKLE
PKLE,326,K39,*,*,PKLE
PKLE,328,K39,47216.92513,47.21692513,PKLE
PKLE,330,K39,56511.60777,56.51160777,PKLE
PKLE,332,K39,74105.67776,74.10567776,PKLE
PKLE,333,K39,38301.05998,38.30105998,PKLE
PKLE,334,K39,93791.83165,93.79183165,PKLE
PKLE,335,K39,71911.12774,71.91112774,PKLE
PKLE,336,K39,42982.21343,42.98221343,PKLE
PKLE,337,K39,57666.84855,57.66684855,PKLE
PKLE,338,K39,56735.56205,56.73556205,PKLE
PKLE,339,K39,52935.59903,52.93559903,PKLE
PKLE,340,K39,56849.15146,56.84915146,PKLE
PKLE,341,K39,42928.29319,42.92829319,PKLE
PKLE,342,K39,76431.33595,76.43133595,PKLE
PKLE,343,K39,86359.42987,86.35942987,PKLE
PKLE,345,K39,*,*,PKLE
PKLE,346,K39,66212.45305,66.21245305,PKLE
PKLE,347,K39,36808.79117,36.80879117,PKLE
PKLE,349,K39,82012.79151,82.01279151,PKLE
PKLE,350,K39,119572.1877,119.5721877,PKLE
PKLE,352,K39,90883.08832,90.88308832,PKLE
PKLE,353,K39,31518.70024,31.51870024,PKLE
PKLE,354,K39,61623.10375,61.62310375,PKLE
PKLE,355,K39,*,*,PKLE
PKLE,356,K39,46358.02689,46.35802689,PKLE
PKLE,358,K39,132801.3525,132.8013525,PKLE
PKLE,359,K39,37495.47365,37.49547365,PKLE
PKLE,360,K39,106616.4139,106.6164139,PKLE
PKLE,361,K39,50501.23371,50.50123371,PKLE
PKLE,363,K39,53359.71457,53.35971457,PKLE
PKLE,364,K39,84157.60999,84.15760999,PKLE
PKLE,365,K39,99439.79499,99.43979499,PKLE
PKLE,366,K39,71526.53447,71.52653447,PKLE
PKLE,367,K39,80016.09415,80.01609415,PKLE
PKLE,368,K39,64042.02044,64.04202044,PKLE
PKLE,369,K39,48972.88964,48.97288964,PKLE
PKLE,370,K39,46964.92801,46.96492801,PKLE
PKLE,371,K39,48158.42689,48.15842689,PKLE
PKLE,372,K39,47069.8649,47.0698649,PKLE
PKLE,373,K39,71515.0991,71.5150991,PKLE
PKLE,374,K39,49017.70655,49.01770655,PKLE
PKLE,375,K39,90983.19614,90.98319614,PKLE
PKLE,377,K39,*,*,PKLE
PKLE,378,K39,58788.22901,58.78822901,PKLE
PKLE,379,K39,*,*,PKLE
PKLE,380,K39,100548.7793,100.5487793,PKLE
PKLE,381,K39,59923.30868,59.92330868,PKLE
PKLE,382,K39,39655.68994,39.65568994,PKLE
PKLE,383,K39,34975.66067,34.97566067,PKLE
PKLE,384,K39,72215.78725,72.21578725,PKLE
PKLE,386,K39,103713.6202,103.7136202,PKLE
PKLE,388,K39,34890.32069,34.89032069,PKLE
PKLE,389,K39,80695.26197,80.69526197,PKLE
PKLE,390,K39,42926.41179,42.92641179,PKLE
PKLE,391,K39,57085.17638,57.08517638,PKLE
PKLE,392,K39,51254.37748,51.25437748,PKLE
PKLE,393,K39,46712.04304,46.71204304,PKLE
PKLE,394,K39,*,*,PKLE
PKLE,395,K39,45347.96659,45.34796659,PKLE
PKLE,396,K39,47625.4736,47.6254736,PKLE
PKLE,397,K39,52479.16544,52.47916544,PKLE
PKLE,398,K39,*,*,PKLE
PKLE,399,K39,*,*,PKLE
PKLE,400,K39,73671.7166,73.6717166,PKLE
PKLE,402,K39,32163.18551,32.16318551,PKLE
PKLE,403,K39,*,*,PKLE
PKLE,404,K39,53242.12405,53.24212405,PKLE
PKLE,405,K39,76643.49468,76.64349468,PKLE
PKLE,406,K39,120509.4627,120.5094627,PKLE
PKLE,407,K39,46974.54262,46.97454262,PKLE
PKLE,408,K39,59567.91799,59.56791799,PKLE
PKLE,409,K39,41322.45892,41.32245892,PKLE
PKLE,410,K39,40171.53009,40.17153009,PKLE
PKLE,411,K39,*,*,PKLE
PKLE,412,K39,59056.34451,59.05634451,PKLE
PKLE,413,K39,85576.70165,85.57670165,PKLE
PKLE,414,K39,26122.99381,26.12299381,PKLE
PKLE,415,K39,31684.03803,31.68403803,PKLE
PKLE,416,K39,34797.78267,34.79778267,PKLE
PKLE,417,K39,81038.48508,81.03848508,PKLE
PKLE,418,K39,*,*,PKLE
PKLE,419,K39,*,*,PKLE
PKLE,420,K39,71642.54707,71.64254707,PKLE
PKLE,421,K39,*,*,PKLE
PKLE,422,K39,64118.25239,64.11825239,PKLE
PKLE,423,K39,42554.39765,42.55439765,PKLE
PKLE,424,K39,37368.17818,37.36817818,PKLE
PKLE,425,K39,57948.23713,57.94823713,PKLE
PKLE,426,K39,79546.6927,79.5466927,PKLE
PKLE,427,K39,*,*,PKLE
PKLE,428,K39,73829.76935,73.82976935,PKLE
PKLE,429,K39,76225.90891,76.22590891,PKLE
PKLE,431,K39,48787.4061,48.7874061,PKLE
PKLE,432,K39,49490.34378,49.49034378,PKLE
PKLE,433,K39,36588.7972,36.5887972,PKLE
PKLE,435,K39,35569.27785,35.56927785,PKLE
PKLE,436,K39,50369.70228,50.36970228,PKLE
PKLE,437,K39,60284.4275,60.2844275,PKLE
PKLE,438,K39,46612.09241,46.61209241,PKLE
PKLE,439,K39,37189.54394,37.18954394,PKLE
PKLE,440,K39,105893.4062,105.8934062,PKLE
PKLE,442,K39,114247.4105,114.2474105,PKLE
PKLE,443,K39,40224.76844,40.22476844,PKLE
PKLE,444,K39,24541.33776,24.54133776,PKLE
PKLE,445,K39,47205.2053,47.2052053,PKLE
PKLE,446,K39,43292.96897,43.29296897,PKLE
PKLE,447,K39,77117.68421,77.11768421,PKLE
PKLE,448,K39,65152.66763,65.15266763,PKLE
PKLE,449,K39,101564.5183,101.5645183,PKLE
PKLE,450,K39,65003.81354,65.00381354,PKLE
PKLE,451,K39,30415.38895,30.41538895,PKLE
PKLE,452,K39,47274.50993,47.27450993,PKLE
PKLE,453,K39,93724.16144,93.72416144,PKLE
PKLE,454,K39,*,*,PKLE
PKLE,455,K39,60691.0844,60.6910844,PKLE
PKLE,456,K39,56090.07248,56.09007248,PKLE
PKLE,458,K39,*,*,PKLE
PKLE,459,K39,104334.4567,104.3344567,PKLE
PKLE,460,K39,40731.93274,40.73193274,PKLE
PKLE,461,K39,43143.57598,43.14357598,PKLE
PKLE,462,K39,36524.71261,36.52471261,PKLE
PKLE,463,K39,67295.33768,67.29533768,PKLE
PKLE,464,K39,73297.41155,73.29741155,PKLE
PKLE,465,K39,42105.74535,42.10574535,PKLE
PKLE,466,K39,77580.54866,77.58054866,PKLE
PKLE,467,K39,49442.86381,49.44286381,PKLE
PKLE,468,K39,93198.12508,93.19812508,PKLE
PKLE,469,K39,63687.87983,63.68787983,PKLE
PKLE,470,K39,58255.65261,58.25565261,PKLE
PKLE,471,K39,40910.56828,40.91056828,PKLE
PKLE,472,K39,55680.39711,55.68039711,PKLE
PKLE,473,K39,110885.197,110.885197,PKLE
PKLE,474,K39,62598.99682,62.59899682,PKLE
PKLE,475,K39,51910.75854,51.91075854,PKLE
PKLE,476,K39,51217.61764,51.21761764,PKLE
PKLE,477,K39,196.8068196,0.19680682,PKLE
PKLE,479,K39,54227.95227,54.22795227,PKLE
PKLE,480,K39,48325.3423,48.3253423,PKLE
PKLE,482,K39,74390.54904,74.39054904,PKLE
PKLE,483,K39,66440.84185,66.44084185,PKLE
PKLE,484,K39,38517.64931,38.51764931,PKLE
PKLE,485,K39,66023.51335,66.02351335,PKLE
PKLE,486,K39,90383.56908,90.38356908,PKLE
PKLE,487,K39,33363.57796,33.36357796,PKLE
PKLE,488,K39,37511.05432,37.51105432,PKLE
PKLE,489,K39,60435.95815,60.43595815,PKLE
PKLE,491,K39,54796.71483,54.79671483,PKLE
PKLE,492,K39,38278.4198,38.2784198,PKLE
PKLE,493,K39,49872.34691,49.87234691,PKLE
PKLE,494,K39,78776.05107,78.77605107,PKLE
PKLE,495,K39,95754.5396,95.7545396,PKLE
PKLE,496,K39,79538.35015,79.53835015,PKLE
PKLE,497,K39,56493.18123,56.49318123,PKLE
PKLE,498,K39,68671.76929,68.67176929,PKLE
PKLE,499,K39,114120.1403,114.1201403,PKLE
PKLE,500,K39,22619.42555,22.61942555,PKLE
PKLE,501,K39,100503.8775,100.5038775,PKLE
PKLE,502,K39,52708.97428,52.70897428,PKLE
PKLE,503,K39,127754.078,127.754078,PKLE
PKLE,504,K39,73207.59564,73.20759564,PKLE
PKLE,505,K39,48510.2121,48.5102121,PKLE
PKLE,506,K39,61463.29674,61.46329674,PKLE
PKLE,507,K39,37771.03944,37.77103944,PKLE
PKLE,508,K39,122039.2142,122.0392142,PKLE
PKLE,511,K39,36284.54383,36.28454383,PKLE
PKLE,512,K39,45304.83094,45.30483094,PKLE
PKLE,513,K39,50814.63436,50.81463436,PKLE
PKLE,514,K39,25486.48894,25.48648894,PKLE
PKLE,515,K39,60766.24406,60.76624406,PKLE
PKLE,516,K39,61772.13478,61.77213478,PKLE
PKLE,518,K39,107845.2432,107.8452432,PKLE
PKLE,519,K39,*,*,PKLE
PKLE,520,K39,74896.81277,74.89681277,PKLE
PKLE,521,K39,54812.66235,54.81266235,PKLE
PKLE,522,K39,92291.26022,92.29126022,PKLE
PKLE,523,K39,61961.27732,61.96127732,PKLE
PKLE,524,K39,22793.61429,22.79361429,PKLE
PKLE,525,K39,59367.88659,59.36788659,PKLE
PKLE,526,K39,64476.14894,64.47614894,PKLE
PKLE,527,K39,90520.93589,90.52093589,PKLE
PKLE,529,K39,102749.3569,102.7493569,PKLE
PKLE,530,K39,52425.79177,52.42579177,PKLE
PKLE,531,K39,122679.2854,122.6792854,PKLE
PKLE,532,K39,62728.66672,62.72866672,PKLE
PKLE,533,K39,32852.41724,32.85241724,PKLE
PKLE,534,K39,45837.1275,45.8371275,PKLE
PKLE,535,K39,74782.05861,74.78205861,PKLE
PKLE,536,K39,29496.99259,29.49699259,PKLE
PKLE,537,K39,116467.237,116.467237,PKLE
PKLE,539,K39,65795.35983,65.79535983,PKLE
PKLE,540,K39,72068.57569,72.06857569,PKLE
PKLE,541,K39,48754.92157,48.75492157,PKLE
PKLE,542,K39,63814.32871,63.81432871,PKLE
PKLE,544,K39,53491.61508,53.49161508,PKLE
PKLE,545,K39,56527.4018,56.5274018,PKLE
PKLE,546,K39,99727.59363,99.72759363,PKLE
PKLE,547,K39,30369.61627,30.36961627,PKLE
PKLE,548,K39,80188.78682,80.18878682,PKLE
PKLE,549,K39,79641.52286,79.64152286,PKLE
PKLE,551,K39,62820.01476,62.82001476,PKLE
PKLE,552,K39,63921.56892,63.92156892,PKLE
PKLE,553,K39,51554.59913,51.55459913,PKLE
PKLE,555,K39,133571.5228,133.5715228,PKLE
PKLE,556,K39,82462.51884,82.46251884,PKLE
PKLE,557,K39,*,*,PKLE
PKLE,558,K39,51481.78912,51.48178912,PKLE
PKLE,559,K39,80602.93742,80.60293742,PKLE
PKLE,560,K39,67951.31934,67.95131934,PKLE
PKLE,562,K39,75044.02678,75.04402678,PKLE
PKLE,563,K39,74082.18518,74.08218518,PKLE
PKLE,564,K39,41372.5619,41.3725619,PKLE
PKLE,565,K39,38749.86283,38.74986283,PKLE
PKLE,566,K39,99276.7677,99.2767677,PKLE
PKLE,567,K39,59634.50589,59.63450589,PKLE
PKLE,569,K39,52533.63269,52.53363269,PKLE
PKLE,570,K39,64198.63811,64.19863811,PKLE
PKLE,571,K39,46880.19595,46.88019595,PKLE
PKLE,572,K39,43263.75834,43.26375834,PKLE
PKLE,573,K39,110923.6195,110.9236195,PKLE
PKLE,574,K39,46439.68376,46.43968376,PKLE
PKLE,576,K39,63688.47807,63.68847807,PKLE
PKLE,577,K39,79878.15107,79.87815107,PKLE
PKLE,578,K39,74700.78264,74.70078264,PKLE
PKLE,579,K39,*,*,PKLE
PKLE,580,K39,57925.53279,57.92553279,PKLE
PKLE,581,K39,29174.51841,29.17451841,PKLE
PKLE,583,K39,76207.59015,76.20759015,PKLE
PKLE,584,K39,47559.57039,47.55957039,PKLE
PKLE,585,K39,50218.85041,50.21885041,PKLE
PKLE,586,K39,54541.86834,54.54186834,PKLE
PKLE,588,K39,*,*,PKLE
PKLE,589,K39,41843.4477,41.8434477,PKLE
PKLE,592,K39,47764.3659,47.7643659,PKLE
PKLE,593,K39,53424.91553,53.42491553,PKLE
PKLE,594,K39,31040.35653,31.04035653,PKLE
PKLE,595,K39,33850.47244,33.85047244,PKLE
PKLE,596,K39,40729.73756,40.72973756,PKLE
PKLE,597,K39,*,*,PKLE
PKLE,598,K39,55961.47091,55.96147091,PKLE
PKLE,599,K39,41084.76089,41.08476089,PKLE
PKLE,600,K39,64457.24105,64.45724105,PKLE
PKLE,601,K39,121613.4067,121.6134067,PKLE
PKLE,602,K39,122032.1506,122.0321506,PKLE
PKLE,603,K39,79004.52677,79.00452677,PKLE
PKLE,604,K39,42608.46081,42.60846081,PKLE
PKLE,605,K39,116157.0812,116.1570812,PKLE
PKLE,606,K39,58577.61416,58.57761416,PKLE
PKLE,608,K39,70923.35576,70.92335576,PKLE
PKLE,609,K39,50296.2351,50.2962351,PKLE
PKLE,610,K39,89481.23868,89.48123868,PKLE
PKLE,611,K39,48536.14692,48.53614692,PKLE
PKLE,612,K39,49489.33501,49.48933501,PKLE
PKLE,613,K39,71357.55342,71.35755342,PKLE
PKLE,614,K39,69125.36011,69.12536011,PKLE
PKLE,618,K39,34623.5672,34.6235672,PKLE
PKLE,619,K39,32098.61311,32.09861311,PKLE
PKLE,620,K39,84052.70096,84.05270096,PKLE
PKLE,621,K39,44107.25315,44.10725315,PKLE
PKLE,622,K39,60440.69153,60.44069153,PKLE
PKLE,623,K39,*,*,PKLE
PKLE,624,K39,40045.815,40.045815,PKLE
PKLE,625,K39,*,*,PKLE
PKLE,627,K39,63435.41587,63.43541587,PKLE
PKLE,628,K39,122740.2739,122.7402739,PKLE
PKLE,629,K39,78687.23033,78.68723033,PKLE
PKLE,630,K39,*,*,PKLE
PKLE,632,K39,90068.6594,90.0686594,PKLE
PKLE,633,K39,38206.73314,38.20673314,PKLE
PKLE,634,K39,40491.15748,40.49115748,PKLE
PKLE,635,K39,37929.16194,37.92916194,PKLE
PKLE,636,K39,34977.87243,34.97787243,PKLE
PKLE,637,K39,53117.21767,53.11721767,PKLE
PKLE,638,K39,82702.0999,82.7020999,PKLE
PKLE,639,K39,59708.46235,59.70846235,PKLE
PKLE,640,K39,84414.05993,84.41405993,PKLE
PKLE,641,K39,82129.73912,82.12973912,PKLE
PKLE,642,K39,46147.08593,46.14708593,PKLE
PKLE,643,K39,82786.91072,82.78691072,PKLE
PKLE,644,K39,59641.32314,59.64132314,PKLE
PKLE,645,K39,*,*,PKLE
PKLE,647,K39,24791.76789,24.79176789,PKLE
PKLE,648,K39,55203.89621,55.20389621,PKLE
PKLE,649,K39,52239.4553,52.2394553,PKLE
PKLE,652,K39,*,*,PKLE
PKLE,654,K39,34809.07292,34.80907292,PKLE
PKLE,655,K39,44106.10519,44.10610519,PKLE
PKLE,656,K39,49180.39426,49.18039426,PKLE
PKLE,657,K39,46452.24018,46.45224018,PKLE
PKLE,658,K39,38584.38689,38.58438689,PKLE
PKLE,660,K39,84792.38765,84.79238765,PKLE
PKLE,661,K39,64040.22994,64.04022994,PKLE
PKLE,663,K39,73669.68051,73.66968051,PKLE
PKLE,664,K39,34139.6813,34.1396813,PKLE
PKLE,666,K39,44725.79398,44.72579398,PKLE
PKLE,667,K39,43402.01168,43.40201168,PKLE
PKLE,668,K39,96477.80521,96.47780521,PKLE
PKLE,669,K39,60806.13525,60.80613525,PKLE
PKLE,670,K39,129910.6761,129.9106761,PKLE
PKLE,671,K39,*,*,PKLE
PKLE,672,K39,32211.42101,32.21142101,PKLE
PKLE,673,K39,51359.20461,51.35920461,PKLE
PKLE,674,K39,51772.82249,51.77282249,PKLE
PKLE,675,K39,65393.65863,65.39365863,PKLE
PKLE,677,K39,86404.02369,86.40402369,PKLE
PKLE,679,K39,68366.88483,68.36688483,PKLE
PKLE,680,K39,94779.84931,94.77984931,PKLE
PKLE,681,K39,56921.75514,56.92175514,PKLE
PKLE,682,K39,39952.33226,39.95233226,PKLE
PKLE,683,K39,58076.94323,58.07694323,PKLE
PKLE,684,K39,49503.06605,49.50306605,PKLE
PKLE,685,K39,56789.63474,56.78963474,PKLE
PKLE,686,K39,60481.25325,60.48125325,PKLE
PKLE,689,K39,48555.35932,48.55535932,PKLE
PKLE,690,K39,31350.50311,31.35050311,PKLE
PKLE,691,K39,53048.66531,53.04866531,PKLE
PKLE,692,K39,39626.05851,39.62605851,PKLE
PKLE,693,K39,33926.6641,33.9266641,PKLE
PKLE,694,K39,49332.15523,49.33215523,PKLE
PKLE,695,K39,60867.6833,60.8676833,PKLE
PKLE,696,K39,42069.10784,42.06910784,PKLE
PKLE,697,K39,59104.47173,59.10447173,PKLE
PKLE,698,K39,55462.63141,55.46263141,PKLE
PKLE,699,K39,37251.99388,37.25199388,PKLE
PKLE,700,K39,*,*,PKLE
PKLE,702,K39,41647.10376,41.64710376,PKLE
PKLE,703,K39,56349.19764,56.34919764,PKLE
PKLE,704,K39,50535.81136,50.53581136,PKLE
PKLE,705,K39,104596.1858,104.5961858,PKLE
PKLE,706,K39,80022.52277,80.02252277,PKLE
PKLE,707,K39,*,*,PKLE
PKLE,708,K39,84110.89024,84.11089024,PKLE
PKLE,710,K39,57388.40524,57.38840524,PKLE
PKLE,711,K39,55121.99335,55.12199335,PKLE
PKLE,712,K39,47353.82905,47.35382905,PKLE
PKLE,713,K39,42151.46353,42.15146353,PKLE
PKLE,714,K39,49648.49157,49.64849157,PKLE
PKLE,715,K39,102507.3565,102.5073565,PKLE
PKLE,716,K39,76222.23743,76.22223743,PKLE
PKLE,718,K39,58731.84392,58.73184392,PKLE
PKLE,719,K39,23246.9466,23.2469466,PKLE
PKLE,720,K39,79864.90746,79.86490746,PKLE
PKLE,721,K39,85867.84872,85.86784872,PKLE
PKLE,722,K39,46404.48497,46.40448497,PKLE
PKLE,723,K39,39537.08559,39.53708559,PKLE
PKLE,724,K39,64147.94745,64.14794745,PKLE
PKLE,725,K39,58410.51902,58.41051902,PKLE
PKLE,726,K39,28910.48379,28.91048379,PKLE
PKLE,729,K39,58503.91292,58.50391292,PKLE
PKLE,730,K39,40.72934332,0.040729343,PKLE
PKLE,731,K39,75171.48812,75.17148812,PKLE
PKLE,732,K39,57980.82295,57.98082295,PKLE
PKLE,733,K39,36402.13281,36.40213281,PKLE
PKLE,734,K39,35175.82035,35.17582035,PKLE
PKLE,735,K39,44898.71328,44.89871328,PKLE
PKLE,736,K39,68151.30855,68.15130855,PKLE
PKLE,737,K39,39627.53655,39.62753655,PKLE
PKLE,738,K39,59490.3027,59.4903027,PKLE
PKLE,739,K39,42326.50553,42.32650553,PKLE
PKLE,740,K39,31015.94178,31.01594178,PKLE
PKLE,742,K39,70522.64259,70.52264259,PKLE
PKLE,743,K39,*,*,PKLE
PKLE,744,K39,*,*,PKLE
PKLE,745,K39,38790.95379,38.79095379,PKLE
PKLE,746,K39,43394.2097,43.3942097,PKLE
PKLE,748,K39,90138.69145,90.13869145,PKLE
PKLE,749,K39,49233.50395,49.23350395,PKLE
PKLE,750,K39,92643.4351,92.6434351,PKLE
PKLE,751,K39,62858.02082,62.85802082,PKLE
PKLE,752,K39,45455.66981,45.45566981,PKLE
PKLE,753,K39,85754.47289,85.75447289,PKLE
PKLE,755,K39,52940.69013,52.94069013,PKLE
PKLE,756,K39,118270.9711,118.2709711,PKLE
PKLE,757,K39,87554.18471,87.55418471,PKLE
PKLE,758,K39,49021.99572,49.02199572,PKLE
PKLE,759,K39,43625.555,43.625555,PKLE
PKLE,760,K39,*,*,PKLE
PKLE,761,K39,66539.12052,66.53912052,PKLE
PKLE,762,K39,40160.67384,40.16067384,PKLE
PKLE,763,K39,*,*,PKLE
PKLE,764,K39,36413.30605,36.41330605,PKLE
PKLE,765,K39,56126.95909,56.12695909,PKLE
PKLE,766,K39,85624.93966,85.62493966,PKLE
PKLE,767,K39,88464.05241,88.46405241,PKLE
PKLE,768,K39,51349.7392,51.3497392,PKLE
PKLE,769,K39,111413.4825,111.4134825,PKLE
PKLE,770,K39,32548.22497,32.54822497,PKLE
PKLE,771,K39,57626.99197,57.62699197,PKLE
PKLE,772,K39,47593.73251,47.59373251,PKLE
PKLE,773,K39,39567.42103,39.56742103,PKLE
PKLE,774,K39,42912.01289,42.91201289,PKLE
PKLE,775,K39,52125.88368,52.12588368,PKLE
PKLE,776,K39,75174.45917,75.17445917,PKLE
PKLE,777,K39,73008.51896,73.00851896,PKLE
PKLE,778,K39,91883.74298,91.88374298,PKLE
PKLE,779,K39,68384.58202,68.38458202,PKLE
PKLE,780,K39,44047.19298,44.04719298,PKLE
PKLE,781,K39,114643.2202,114.6432202,PKLE
PKLE,782,K39,59957.58879,59.95758879,PKLE
PKLE,783,K39,62852.18874,62.85218874,PKLE
PKLE,784,K39,50004.16531,50.00416531,PKLE
PKLE,785,K39,66731.68259,66.73168259,PKLE
PKLE,786,K39,79898.54112,79.89854112,PKLE
PKLE,787,K39,*,*,PKLE
PKLE,788,K39,64799.15538,64.79915538,PKLE
PKLE,789,K39,109884.1643,109.8841643,PKLE
PKLE,790,K39,133699.8382,133.6998382,PKLE
PKLE,792,K39,92747.38508,92.74738508,PKLE
PKLE,794,K39,85276.61245,85.27661245,PKLE
PKLE,795,K39,82924.1351,82.9241351,PKLE
PKLE,796,K39,53664.62224,53.66462224,PKLE
PKLE,797,K39,66836.66802,66.83666802,PKLE
PKLE,799,K39,58803.56,58.80356,PKLE
PKLE,800,K39,51914.09151,51.91409151,PKLE
PKLE,801,K39,66270.15939,66.27015939,PKLE
PKLE,802,K39,44588.39188,44.58839188,PKLE
PKLE,803,K39,45053.8909,45.0538909,PKLE
PKLE,804,K39,44664.84438,44.66484438,PKLE
PKLE,805,K39,39442.44623,39.44244623,PKLE
PKLE,806,K39,46966.29711,46.96629711,PKLE
PKLE,808,K39,42602.06243,42.60206243,PKLE
PKLE,809,K39,85461.22252,85.46122252,PKLE
PKLE,810,K39,60478.14741,60.47814741,PKLE
PKLE,811,K39,42336.48236,42.33648236,PKLE
PKLE,812,K39,*,*,PKLE
PKLE,813,K39,69162.63788,69.16263788,PKLE
PKLE,814,K39,73756.70644,73.75670644,PKLE
PKLE,815,K39,36237.77721,36.23777721,PKLE
PKLE,816,K39,71178.67089,71.17867089,PKLE
PKLE,817,K39,*,*,PKLE
PKLE,818,K39,51276.26522,51.27626522,PKLE
PKLE,819,K39,*,*,PKLE
PKLE,820,K39,*,*,PKLE
PKLE,821,K39,29505.15477,29.50515477,PKLE
PKLE,822,K39,62083.80466,62.08380466,PKLE
PKLE,823,K39,*,*,PKLE
PKLE,824,K39,50375.72949,50.37572949,PKLE
PKLE,825,K39,60189.97042,60.18997042,PKLE
